Date,Open,High,Low,Close,Volume,Adj Close
2010-11-04,12.0,12.12,11.5,11.85,7605800,7.4623729999999995
2010-11-05,11.85,11.85,11.1,11.75,1046900,7.399399000000001
2010-11-08,11.33,11.58,11.17,11.4,573000,7.178991000000001
2010-11-09,11.27,11.49,10.61,11.0,1185700,6.927097
2010-11-10,10.85,10.93,10.63,10.8,653700,6.80115
2010-11-11,10.75,10.88,10.55,10.75,438900,6.769663
2010-11-12,10.75,11.03,10.68,11.0,116600,6.927097
2010-11-15,11.0,11.39,10.99,11.1,226900,6.990071
2010-11-16,11.06,11.35,10.79,10.95,323500,6.8956100000000005
2010-11-17,10.95,11.0,10.62,10.8,221400,6.80115
2010-11-18,10.85,11.68,10.55,11.21,587800,7.059341000000001
2010-11-19,11.2,11.35,11.05,11.19,82600,7.046746000000001
2010-11-22,11.06,11.18,10.92,10.95,131100,6.8956100000000005
2010-11-23,10.95,11.25,10.82,11.08,123900,6.977475999999999
2010-11-24,11.16,11.26,11.07,11.21,97400,7.059341000000001
2010-11-26,11.13,11.38,11.01,11.23,46000,7.071936
2010-11-29,11.15,11.39,11.09,11.37,160000,7.160099000000001
2010-11-30,11.42,11.52,11.11,11.32,141800,7.1286119999999995
2010-12-01,11.33,11.68,11.33,11.65,564300,7.336425
2010-12-02,11.7,12.0,11.7,11.98,711300,7.544238000000001
2010-12-03,11.87,11.98,11.85,11.96,373600,7.531642999999999
2010-12-06,11.9,11.94,11.77,11.77,237900,7.411994
2010-12-07,11.44,11.87,11.33,11.75,290000,7.399399000000001
2010-12-08,11.69,12.0,11.63,11.91,315700,7.500156
2010-12-09,11.69,12.2,11.69,12.04,323500,7.582022
2010-12-10,11.9,12.34,11.9,12.34,391900,7.770942999999999
2010-12-13,12.45,12.6,12.2,12.27,423700,7.726862
2010-12-14,12.61,12.86,12.54,12.75,778000,8.029135
2010-12-15,12.8,13.0,12.61,12.77,451300,8.041730000000001
2010-12-16,12.8,12.95,12.53,12.85,193300,8.092108999999999
2010-12-17,12.98,13.0,12.78,12.78,285800,8.048027000000001
2010-12-20,13.02,13.13,12.94,13.06,252200,8.224353
2010-12-21,13.14,13.44,13.1,13.37,306400,8.419571000000001
2010-12-22,13.45,13.7,13.43,13.52,496800,8.514032
2010-12-23,13.68,13.77,13.25,13.33,423500,8.394382
2010-12-27,13.24,13.91,13.24,13.66,104100,8.602195
2010-12-28,13.75,13.85,13.71,13.85,106800,8.721845
2010-12-29,13.85,14.07,13.84,13.99,155100,8.810007
2010-12-30,14.1,14.37,14.06,14.27,144200,8.986334
2010-12-31,14.4,14.5,14.2,14.46,150800,9.105984
2011-01-03,14.6,14.7,14.32,14.39,188800,9.061902
2011-01-04,14.48,14.61,14.16,14.33,203600,9.024118
2011-01-05,14.35,14.61,14.35,14.5,365800,9.131173
2011-01-06,14.55,14.56,14.38,14.54,138500,9.156362
2011-01-07,14.55,14.73,14.5,14.73,131800,9.276012
2011-01-10,14.65,14.81,14.38,14.56,176100,9.168957
2011-01-11,14.55,15.0,14.5,14.86,259700,9.357878
2011-01-12,14.88,15.16,14.76,15.05,270300,9.477528
2011-01-13,15.02,15.27,14.85,15.16,149700,9.546799
2011-01-14,15.12,15.22,14.89,14.98,118700,9.433446
2011-01-18,15.0,15.19,14.98,15.0,79400,9.446041000000001
2011-01-19,15.05,15.2,14.97,15.03,348900,9.464933
2011-01-20,15.0,15.18,14.51,14.99,187000,9.439743
2011-01-21,15.1,15.1,14.78,14.97,133700,9.427149
2011-01-24,14.98,15.13,14.65,14.97,247500,9.427149
2011-01-25,15.0,15.2,14.92,15.02,349700,9.458636
2011-01-26,14.83,15.05,14.8,15.0,240400,9.605927000000001
2011-01-27,15.1,15.15,15.02,15.1,145000,9.669966
2011-01-28,15.0,15.25,14.92,15.22,161700,9.746814
2011-01-31,15.05,15.32,15.05,15.3,223500,9.798045
2011-02-01,15.5,15.64,15.36,15.54,203400,9.95174
2011-02-02,15.56,15.76,15.54,15.67,223900,10.034991
2011-02-03,15.64,15.73,15.62,15.69,258400,10.047799000000001
2011-02-04,15.69,15.81,15.52,15.66,253300,10.028587
2011-02-07,15.66,15.72,15.5,15.62,205800,10.002971
2011-02-08,15.58,15.69,15.4,15.57,108700,9.970952
2011-02-09,15.48,15.69,15.48,15.69,58000,10.047799000000001
2011-02-10,15.71,15.71,15.62,15.71,96200,10.060607000000001
2011-02-11,15.8,16.110001,15.8,15.99,110100,10.239918
2011-02-14,16.0,16.5,16.0,16.26,155400,10.412825
2011-02-15,16.15,16.370001000000002,16.110001,16.25,136500,10.406419999999999
2011-02-16,16.35,16.389999,16.129998999999998,16.280001000000002,110600,10.425633
2011-02-17,16.35,16.85,16.309998999999998,16.76,188600,10.733022
2011-02-18,16.860001,17.120001000000002,16.809998999999998,17.0,230800,10.886716999999999
2011-02-22,16.940001000000002,16.99,16.57,16.6,202600,10.630559
2011-02-23,16.57,16.700001,16.27,16.6,128300,10.630559
2011-02-24,16.629998999999998,16.75,16.23,16.610001,202500,10.636963
2011-02-25,16.73,16.92,16.6,16.74,90400,10.720214
2011-02-28,16.860001,16.950001,16.6,16.780001000000002,115700,10.74583
2011-03-01,16.85,16.85,16.6,16.690001000000002,45000,10.688195
2011-03-02,16.66,16.700001,16.610001,16.700001,51300,10.694599
2011-03-03,16.700001,17.1,16.66,16.950001,298200,10.854697999999999
2011-03-04,17.01,17.040001,16.6,16.950001,149000,10.854697999999999
2011-03-07,16.950001,16.99,16.6,16.780001000000002,48600,10.74583
2011-03-08,16.66,16.84,16.25,16.719998999999998,165900,10.707406
2011-03-09,16.809998999999998,16.99,16.700001,16.93,73200,10.841889
2011-03-10,16.75,16.76,16.290001,16.35,191000,10.470460000000001
2011-03-11,16.4,16.5,16.35,16.450001,126200,10.5345
2011-03-14,16.33,16.530001000000002,16.15,16.309998999999998,151500,10.444844
2011-03-15,15.83,16.25,15.5,16.059998999999998,209300,10.284745
2011-03-16,15.97,16.25,15.72,15.86,77900,10.156666
2011-03-17,16.059998999999998,16.16,15.82,15.95,98500,10.214302
2011-03-18,16.040001,16.25,16.040001,16.120001000000002,85500,10.32317
2011-03-21,16.25,16.309998999999998,15.84,16.08,127200,10.297553
2011-03-22,16.139999,16.25,15.91,16.120001000000002,57400,10.32317
2011-03-23,16.15,16.370001000000002,16.15,16.290001,369800,10.432037
2011-03-24,16.42,16.459999,16.219998999999998,16.440001000000002,36300,10.528096000000001
2011-03-25,16.440001000000002,16.870001000000002,16.41,16.860001,102500,10.797062
2011-03-28,16.969998999999998,16.969998999999998,16.709999,16.82,41800,10.771445
2011-03-29,16.879998999999998,16.889999,16.68,16.889999,92200,10.816272999999999
2011-03-30,16.879998999999998,18.0,16.870001000000002,17.4,275600,11.142875
2011-03-31,17.450001,17.549999,17.33,17.389999,160300,11.13647
2011-04-01,17.51,17.65,17.379998999999998,17.5,194100,11.206914
2011-04-04,17.440001000000002,17.719998999999998,17.42,17.700001,295600,11.334994
2011-04-05,17.66,18.48,17.639999,18.110001,260600,11.597555999999999
2011-04-06,18.24,18.299999,17.610001,17.98,188000,11.514304
2011-04-07,17.92,18.139999,17.809998999999998,18.049999,112300,11.559130999999999
2011-04-08,18.059998999999998,18.110001,17.700001,17.73,104100,11.354205
2011-04-11,17.780001000000002,17.82,17.4,17.549999,54800,11.238934
2011-04-12,17.389999,17.51,17.08,17.35,78700,11.110855
2011-04-13,17.389999,17.540001,17.299999,17.5,77200,11.206914
2011-04-14,17.459999,17.709999,17.41,17.639999,56100,11.296569
2011-04-15,17.700001,17.700001,17.4,17.66,56100,11.309377
2011-04-18,17.459999,18.25,17.379998999999998,17.6,90600,11.270954
2011-04-19,17.66,17.700001,17.440001000000002,17.530001000000002,80100,11.226127
2011-04-20,17.67,17.67,16.790001,17.110001,320000,10.957161
2011-04-21,17.219998999999998,17.5,17.110001,17.48,67800,11.194106
2011-04-25,17.450001,17.450001,17.18,17.24,84400,11.040411
2011-04-26,16.98,17.450001,16.98,17.25,111000,11.209365
2011-04-27,17.280001000000002,17.309998999999998,17.09,17.209999,68700,11.183371000000001
2011-04-28,17.0,17.280001000000002,17.0,17.25,63500,11.209365
2011-04-29,17.23,17.379998999999998,17.129998999999998,17.26,76000,11.215863
2011-05-02,17.4,17.42,17.01,17.209999,70000,11.183371000000001
2011-05-03,17.190001000000002,17.450001,17.049999,17.09,54000,11.105394
2011-05-04,17.139999,17.290001,16.76,17.059998999999998,60000,11.085899000000001
2011-05-05,17.059998999999998,17.280001000000002,16.68,16.950001,59900,11.01442
2011-05-06,17.129998999999998,17.360001,16.75,16.93,55600,11.001422999999999
2011-05-09,16.950001,17.07,16.700001,16.84,63000,10.942938999999999
2011-05-10,16.85,17.0,16.85,16.98,25900,11.033913
2011-05-11,17.6,18.1,16.799999,17.01,147000,11.053408000000001
2011-05-12,17.4,17.459999,17.09,17.4,109000,11.306837
2011-05-13,17.4,17.51,17.16,17.25,164800,11.209365
2011-05-16,17.139999,17.33,16.98,17.25,59700,11.209365
2011-05-17,17.25,17.379998999999998,16.9,16.959999,29300,11.020916999999999
2011-05-18,17.139999,17.25,16.91,16.969998999999998,46500,11.027415
2011-05-19,17.1,17.200001,16.99,17.059998999999998,39400,11.085899000000001
2011-05-20,17.1,17.379998999999998,17.049999,17.17,63300,11.157378999999999
2011-05-23,16.969998999999998,17.01,16.709999,16.790001,99200,10.910449
2011-05-24,17.0,17.190001000000002,16.700001,16.959999,89300,11.020916999999999
2011-05-25,16.969998999999998,17.120001000000002,16.85,17.0,97200,11.04691
2011-05-26,17.0,17.02,16.780001000000002,16.860001,51900,10.955936
2011-05-27,17.0,17.15,16.950001,17.0,146000,11.04691
2011-05-31,17.25,17.68,17.129998999999998,17.209999,347300,11.183371000000001
2011-06-01,17.200001,17.360001,17.0,17.139999,112200,11.137884
2011-06-02,17.18,17.35,17.1,17.23,126300,11.196368
2011-06-03,16.92,17.280001000000002,16.4,17.120001000000002,146700,11.124889
2011-06-06,17.15,17.190001000000002,16.700001,16.77,62500,10.897452000000001
2011-06-07,16.84,17.120001000000002,16.780001000000002,17.030001000000002,77400,11.066405
2011-06-08,17.030001000000002,17.15,16.75,16.940001000000002,60600,11.007921000000001
2011-06-09,17.0,17.02,16.84,16.92,73600,10.994925
2011-06-10,16.9,16.969998999999998,16.4,16.459999,62400,10.696008
2011-06-13,16.559998999999998,16.76,16.379998999999998,16.4,97500,10.657019
2011-06-14,16.559998999999998,16.59,16.200001,16.450001,91500,10.689511
2011-06-15,16.309998999999998,16.49,16.200001,16.4,38500,10.657019
2011-06-16,16.450001,16.74,16.290001,16.389999,37800,10.650521000000001
2011-06-17,16.49,16.58,16.219998999999998,16.299999,71400,10.592037
2011-06-20,16.280001000000002,16.379998999999998,16.200001,16.34,63100,10.618030000000001
2011-06-21,16.4,16.559998999999998,16.200001,16.43,146600,10.676514
2011-06-22,16.41,16.65,16.25,16.43,70800,10.676514
2011-06-23,16.24,16.559998999999998,16.24,16.559998999999998,54200,10.76099
2011-06-24,16.629998999999998,16.629998999999998,16.379998999999998,16.5,53600,10.722000999999999
2011-06-27,16.540001,16.540001,16.24,16.35,68700,10.624528
2011-06-28,16.35,16.610001,16.23,16.379998999999998,76200,10.644022
2011-06-29,16.469998999999998,16.700001,16.4,16.690001000000002,133400,10.845467
2011-06-30,16.700001,17.08,16.700001,16.940001000000002,103100,11.007921000000001
2011-07-01,17.0,17.27,17.0,17.209999,61700,11.183371000000001
2011-07-05,17.26,17.26,17.030001000000002,17.09,24200,11.105394
2011-07-06,17.120001000000002,17.15,17.02,17.08,15600,11.098896
2011-07-07,17.23,17.23,16.889999,16.99,43300,11.040412
2011-07-08,16.799999,17.1,16.68,17.030001000000002,24300,11.066405
2011-07-11,16.870001000000002,17.030001000000002,16.75,16.82,28100,10.929943
2011-07-12,16.66,16.82,16.58,16.68,26000,10.838968
2011-07-13,16.799999,17.129998999999998,16.799999,16.82,65200,10.929943
2011-07-14,16.889999,16.98,16.51,16.58,20700,10.773986
2011-07-15,16.59,16.76,16.51,16.57,22100,10.767488
2011-07-18,16.58,16.950001,16.43,16.540001,38400,10.747994
2011-07-19,16.700001,17.799999,16.700001,17.459999,198700,11.345825999999999
2011-07-20,17.51,17.58,17.389999,17.549999,119500,11.40431
2011-07-21,17.629998999999998,17.809998999999998,17.309998999999998,17.68,96800,11.488787
2011-07-22,17.709999,18.0,17.549999,17.67,58700,11.482288
2011-07-25,17.629998999999998,17.629998999999998,17.360001,17.42,15600,11.482288
2011-07-26,17.450001,17.49,17.1,17.35,78200,11.436148
2011-07-27,17.33,17.34,16.620001000000002,16.790001,120100,11.067028
2011-07-28,16.120001000000002,16.790001,16.120001000000002,16.48,132400,10.862693
2011-07-29,16.389999,16.51,16.25,16.48,51900,10.862693
2011-08-01,16.620001000000002,16.639999,15.63,16.15,130300,10.645175
2011-08-02,16.059998999999998,16.25,15.47,15.73,88700,10.368335
2011-08-03,15.8,15.89,15.0,15.63,116000,10.302421
2011-08-04,15.51,15.74,15.1,15.1,77200,9.953074
2011-08-05,15.13,15.2,14.8,15.1,106700,9.953074
2011-08-08,14.86,15.21,14.5,14.54,92500,9.583953999999999
2011-08-09,14.71,15.1,14.13,14.78,50200,9.742148
2011-08-10,14.62,14.88,14.1,14.17,64300,9.340069999999999
2011-08-11,14.22,14.6,14.11,14.35,73200,9.458716
2011-08-12,14.39,14.64,14.16,14.51,39600,9.564179
2011-08-15,14.61,15.18,14.5,15.11,32700,9.959665
2011-08-16,15.12,15.2,14.95,15.14,78400,9.979439999999999
2011-08-17,15.16,15.25,14.99,15.17,26400,9.999214
2011-08-18,14.84,15.13,14.82,14.91,33300,9.827836999999999
2011-08-19,14.81,15.03,14.52,14.54,16600,9.583953999999999
2011-08-22,14.73,15.07,14.6,14.75,19000,9.722374
2011-08-23,14.8,14.8,14.5,14.62,62200,9.636685
2011-08-24,14.64,14.95,14.54,14.85,13800,9.788288
2011-08-25,14.9,15.0,14.67,14.74,22600,9.715782
2011-08-26,14.63,15.07,14.5,15.05,51600,9.920117
2011-08-29,15.13,15.94,14.9,15.81,38900,10.421066999999999
2011-08-30,15.73,15.93,15.36,15.66,35400,10.322194999999999
2011-08-31,15.69,15.91,15.19,15.64,59100,10.309012
2011-09-01,15.59,15.75,15.05,15.45,55100,10.183774
2011-09-02,15.15,15.31,15.03,15.04,23900,9.913525
2011-09-06,14.9,14.99,14.41,14.55,153700,9.590545
2011-09-07,14.64,14.64,13.78,14.38,172800,9.478491
2011-09-08,14.27,14.35,13.56,13.9,166600,9.162101
2011-09-09,13.69,14.26,13.69,14.16,51700,9.333478999999999
2011-09-12,14.02,14.38,13.84,13.95,96900,9.195058
2011-09-13,13.93,14.14,13.87,14.0,67000,9.228016
2011-09-14,14.08,14.15,13.81,14.1,18200,9.29393
2011-09-15,14.18,14.19,13.75,13.94,53000,9.188467
2011-09-16,13.93,14.13,13.88,13.92,12000,9.175284
2011-09-19,13.77,14.0,13.48,13.72,36700,9.043455999999999
2011-09-20,13.79,14.0,13.54,13.55,115600,8.931401
2011-09-21,13.5,13.64,12.94,13.14,208800,8.661152000000001
2011-09-22,12.95,13.03,12.2,12.31,202800,8.114063
2011-09-23,12.23,13.14,12.11,12.99,47800,8.56228
2011-09-26,13.02,13.16,12.64,13.0,71600,8.568872
2011-09-27,13.16,13.22,12.72,12.92,217900,8.51614
2011-09-28,12.9,13.15,12.51,12.78,31300,8.423860000000001
2011-09-29,12.96,13.04,12.58,12.78,30900,8.423860000000001
2011-09-30,12.56,12.71,12.35,12.35,79100,8.140428
2011-10-03,12.23,12.38,11.35,11.54,70900,7.606522
2011-10-04,11.4,11.48,11.25,11.45,42900,7.547198
2011-10-05,11.44,11.61,11.33,11.39,57500,7.50765
2011-10-06,11.35,12.3,11.16,12.03,273000,7.929502
2011-10-07,12.06,12.43,11.42,11.6,67300,7.64607
2011-10-10,11.87,11.87,10.93,11.59,174200,7.639479
2011-10-11,11.49,12.36,11.49,12.14,127400,8.002008
2011-10-12,12.18,12.34,11.25,11.4,316900,7.514241
2011-10-13,11.33,12.41,11.21,12.21,158000,8.048148
2011-10-14,12.26,12.43,12.12,12.36,359000,8.147019
2011-10-17,12.29,12.34,12.1,12.19,126100,8.034965
2011-10-18,12.21,12.33,12.01,12.24,143600,8.067922
2011-10-19,11.93,12.25,11.93,12.07,39700,8.135323
2011-10-20,12.04,12.11,11.8,11.88,61400,8.007261
2011-10-21,12.13,12.75,12.03,12.43,185100,8.377968
2011-10-24,12.41,12.74,12.41,12.7,62700,8.559951
2011-10-25,12.58,12.69,12.28,12.52,87000,8.438628999999999
2011-10-26,12.67,12.93,12.55,12.56,58400,8.465589999999999
2011-10-27,13.15,13.42,12.58,12.87,173000,8.674533
2011-10-28,12.84,13.09,12.76,12.91,45700,8.701493
2011-10-31,12.77,12.84,12.32,12.53,47900,8.445369
2011-11-01,12.16,12.56,12.14,12.31,45800,8.297087
2011-11-02,12.46,12.65,12.35,12.48,36200,8.411667999999999
2011-11-03,12.48,12.72,12.33,12.57,35500,8.472329
2011-11-04,12.5,12.65,12.31,12.45,30900,8.391448
2011-11-07,12.42,12.86,12.2,12.7,81900,8.559951
2011-11-08,12.84,12.84,12.48,12.59,69200,8.48581
2011-11-09,12.27,12.38,12.23,12.24,53800,8.249905
2011-11-10,12.4,12.62,12.21,12.36,29200,8.330786999999999
2011-11-11,12.43,12.74,12.41,12.44,52800,8.384708
2011-11-14,12.37,12.55,12.19,12.43,77900,8.377968
2011-11-15,12.37,12.55,12.3,12.5,95600,8.425149000000001
2011-11-16,12.39,12.5,12.03,12.18,69600,8.209465
2011-11-17,12.14,12.34,11.97,11.99,48200,8.081402
2011-11-18,12.05,12.13,11.87,12.02,55700,8.101623
2011-11-21,11.87,12.0,11.6,11.75,78300,7.919639999999999
2011-11-22,11.72,11.78,11.48,11.66,39700,7.858978
2011-11-23,11.63,11.74,11.31,11.67,95600,7.865719
2011-11-25,11.62,11.68,11.41,11.54,63000,7.778097
2011-11-28,11.83,11.98,11.68,11.77,128100,7.93312
2011-11-29,11.74,11.85,11.58,11.72,46700,7.899419
2011-11-30,11.9,11.99,11.57,11.76,57000,7.92638
2011-12-01,11.78,11.86,11.32,11.41,103300,7.690475999999999
2011-12-02,11.49,11.7,11.48,11.7,47000,7.885939
2011-12-05,11.85,12.05,11.75,11.86,87900,7.993780999999999
2011-12-06,11.91,12.7,11.81,12.5,93700,8.425149000000001
2011-12-07,12.46,12.46,12.03,12.41,104200,8.364486999999999
2011-12-08,12.5,12.7,12.2,12.47,100600,8.404928
2011-12-09,12.46,12.99,12.46,12.81,117200,8.634093
2011-12-12,12.8,13.76,12.54,13.38,128600,9.018279
2011-12-13,13.4,13.55,13.2,13.34,104400,8.991319
2011-12-14,13.24,13.59,13.0,13.39,88200,9.025019
2011-12-15,13.53,13.77,13.27,13.69,72100,9.227222
2011-12-16,13.78,13.94,13.56,13.8,88500,9.301364
2011-12-19,13.93,14.1,13.42,13.51,64900,9.105901
2011-12-20,13.66,14.12,13.66,14.0,49900,9.436166
2011-12-21,13.91,14.05,13.64,14.0,63700,9.436166
2011-12-22,14.02,14.26,14.02,14.08,35300,9.490086999999999
2011-12-23,14.15,14.4,14.09,14.31,76000,9.64511
2011-12-27,14.24,14.5,14.24,14.31,37100,9.64511
2011-12-28,14.25,14.39,14.08,14.2,39900,9.570969
2011-12-29,14.26,14.5,14.2,14.23,51900,9.591189
2011-12-30,14.21,14.31,14.06,14.16,57400,9.544008
2012-01-03,14.45,14.66,14.28,14.54,71900,9.800133
2012-01-04,14.46,14.55,14.3,14.41,92300,9.712511
2012-01-05,14.31,15.54,14.09,15.02,110700,10.123659
2012-01-06,14.96,15.02,14.78,14.87,52300,10.022557
2012-01-09,14.91,15.06,14.78,14.98,46900,10.096698
2012-01-10,15.16,15.16,14.75,14.9,44400,10.042777000000001
2012-01-11,14.85,15.28,14.85,14.92,35200,10.056257
2012-01-12,15.04,15.33,14.75,14.78,61500,9.961895
2012-01-13,14.75,14.79,14.5,14.56,67600,9.813613
2012-01-17,14.63,14.7,14.5,14.62,68100,9.854054
2012-01-18,14.61,15.09,14.61,14.86,44400,10.015816000000001
2012-01-19,14.93,15.09,14.82,14.96,88500,10.083217999999999
2012-01-20,14.96,15.73,14.96,15.67,102100,10.561766
2012-01-23,15.48,15.48,15.16,15.34,15800,10.520617
2012-01-24,15.17,15.5,14.81,14.83,57700,10.170844
2012-01-25,14.9,14.98,14.8,14.94,31100,10.246285
2012-01-26,14.98,15.28,14.81,15.06,42200,10.328585
2012-01-27,14.97,15.12,14.93,15.02,25400,10.301152
2012-01-30,14.85,14.95,14.46,14.6,54400,10.013103
2012-01-31,14.71,14.71,14.4,14.52,33800,9.958236999999999
2012-02-01,14.55,14.7,14.43,14.55,50400,9.978812
2012-02-02,14.85,15.22,14.67,15.16,94400,10.397167
2012-02-03,15.25,15.37,15.06,15.19,43100,10.417742
2012-02-06,15.19,15.22,15.0,15.16,43400,10.397167
2012-02-07,15.1,15.29,15.1,15.22,41500,10.438317
2012-02-08,15.25,16.0,14.98,15.44,107700,10.589199
2012-02-09,15.49,15.69,15.34,15.56,46200,10.671499
2012-02-10,15.51,15.51,14.96,15.15,132400,10.390309
2012-02-13,15.26,15.29,14.88,14.97,56500,10.266860000000001
2012-02-14,14.97,15.59,14.86,15.04,72700,10.314867999999999
2012-02-15,15.1,15.1,14.86,14.87,37700,10.198277000000001
2012-02-16,14.95,15.09,14.85,14.96,41300,10.260002
2012-02-17,15.0,15.04,14.34,14.44,74900,9.903369999999999
2012-02-21,14.49,14.84,14.44,14.69,39300,10.074827
2012-02-22,14.67,14.71,14.14,14.22,51800,9.752488
2012-02-23,14.25,14.7,14.15,14.65,110900,10.047394
2012-02-24,14.72,14.72,14.41,14.64,36900,10.040536999999999
2012-02-27,14.68,14.68,14.26,14.6,35800,10.013103
2012-02-28,14.59,14.59,14.33,14.43,45200,9.896512
2012-02-29,14.49,14.59,14.2,14.47,37800,9.923946
2012-03-01,14.52,15.1,14.29,14.87,342300,10.198277000000001
2012-03-02,14.91,14.98,14.48,14.7,67000,10.081686
2012-03-05,14.7,14.74,14.53,14.7,23900,10.081686
2012-03-06,14.54,14.55,14.31,14.38,43900,9.862221
2012-03-07,14.38,14.49,14.25,14.3,33200,9.807355000000001
2012-03-08,14.35,14.5,14.25,14.5,34500,9.944519999999999
2012-03-09,14.45,14.88,14.45,14.73,50900,10.102261
2012-03-12,14.7,14.76,14.38,14.62,16900,10.026819999999999
2012-03-13,14.73,14.89,14.61,14.84,30300,10.177702
2012-03-14,14.8,15.13,14.75,15.04,29100,10.314867999999999
2012-03-15,15.05,15.05,14.75,14.88,33300,10.205135
2012-03-16,14.98,15.46,14.93,15.46,67500,10.602916
2012-03-19,15.43,15.43,14.81,14.99,74800,10.280576
2012-03-20,14.89,15.1,14.8,14.96,159900,10.260002
2012-03-21,14.94,15.54,14.85,15.49,114100,10.623491
2012-03-22,13.99,14.17,13.85,14.1,3508500,9.670189
2012-03-23,14.03,14.1,13.91,14.09,575100,9.66333
2012-03-26,14.09,14.12,13.99,14.04,336700,9.629039
2012-03-27,14.04,14.1,14.0,14.07,420900,9.649614
2012-03-28,14.0,14.08,13.11,13.94,599400,9.560456
2012-03-29,13.94,13.96,13.65,13.77,272300,9.443864999999999
2012-03-30,13.9,14.0,13.73,13.77,172100,9.443864999999999
2012-04-02,13.85,13.92,13.77,13.9,229700,9.533023
2012-04-03,13.9,13.92,13.76,13.92,182000,9.54674
2012-04-04,13.9,13.91,13.75,13.81,221600,9.471299
2012-04-05,13.8,13.85,13.58,13.83,119400,9.485014999999999
2012-04-09,13.75,13.81,13.64,13.7,103300,9.395857000000001
2012-04-10,13.7,13.72,12.58,13.0,350300,8.915777
2012-04-11,13.99,13.99,13.47,13.67,431500,9.375282
2012-04-12,13.66,13.98,13.66,13.85,166600,9.498732
2012-04-13,13.78,13.85,13.74,13.85,86200,9.498732
2012-04-16,13.85,13.98,13.76,13.95,173300,9.567314
2012-04-17,13.95,14.01,13.76,14.01,223200,9.608464
2012-04-18,13.93,14.05,13.93,14.0,140100,9.601606
2012-04-19,14.0,14.11,13.91,14.1,268500,9.670189
2012-04-20,14.14,14.15,14.01,14.15,206900,9.70448
2012-04-23,14.09,14.16,13.78,14.14,252300,9.697622
2012-04-24,14.12,14.17,13.94,14.07,172000,9.649614
2012-04-25,14.18,14.18,13.9,13.93,169600,9.553598
2012-04-26,13.49,14.1,13.49,14.02,54200,9.805377
2012-04-27,14.02,14.08,13.78,14.07,84700,9.840346
2012-04-30,13.96,14.1,13.8,14.1,276000,9.861328
2012-05-01,14.05,14.05,13.86,13.86,171000,9.693475
2012-05-02,13.74,13.94,13.67,13.75,85000,9.616543
2012-05-03,13.73,13.93,13.53,13.77,175000,9.630531
2012-05-04,13.69,14.15,13.69,14.09,319900,9.854334
2012-05-07,14.0,14.12,13.91,14.08,155000,9.847339999999999
2012-05-08,14.09,14.09,13.66,14.0,148400,9.791389
2012-05-09,13.89,14.24,13.65,14.18,409400,9.917278
2012-05-10,14.2,14.7,14.03,14.45,528900,10.106112
2012-05-11,14.36,14.44,14.13,14.29,153000,9.994211
2012-05-14,14.19,14.2,13.85,14.02,111100,9.805377
2012-05-15,14.08,14.11,13.72,13.75,118000,9.616543
2012-05-16,13.75,13.83,13.5,13.53,83700,9.462678
2012-05-17,13.45,13.5,13.0,13.04,229100,9.119978999999999
2012-05-18,13.05,13.22,12.42,12.61,257400,8.819244
2012-05-21,12.66,13.5,12.66,13.29,332400,9.294825999999999
2012-05-22,13.28,13.41,12.98,13.03,181300,9.112985
2012-05-23,12.96,12.99,12.66,12.95,157000,9.057035
2012-05-24,12.95,13.4,12.95,13.31,169800,9.308814
2012-05-25,13.23,13.74,13.23,13.56,81200,9.48366
2012-05-29,13.59,13.77,13.59,13.68,65100,9.567586
2012-05-30,13.81,14.15,13.17,13.41,209000,9.378752
2012-05-31,13.39,13.54,13.23,13.31,91300,9.308814
2012-06-01,13.11,13.25,12.74,12.84,142000,8.980103
2012-06-04,12.85,12.96,12.67,12.88,182300,9.008078
2012-06-05,12.8,13.23,12.77,13.11,138700,9.168936
2012-06-06,13.18,13.36,12.75,13.3,141800,9.30182
2012-06-07,13.43,13.61,13.3,13.32,56900,9.315807000000001
2012-06-08,13.3,13.43,13.19,13.31,38300,9.308814
2012-06-11,13.42,13.42,12.94,13.03,80500,9.112985
2012-06-12,13.16,13.21,12.84,12.94,57600,9.050041
2012-06-13,12.94,13.1,12.77,12.84,78000,8.980103
2012-06-14,12.81,13.02,12.72,12.83,55100,8.973109
2012-06-15,12.89,13.26,12.67,12.98,135500,9.078016
2012-06-18,12.86,13.15,12.86,13.0,92100,9.092004
2012-06-19,12.99,13.28,12.98,13.16,196600,9.203906
2012-06-20,13.1,13.43,13.06,13.4,101200,9.371758
2012-06-21,13.35,13.61,13.11,13.39,107700,9.364764
2012-06-22,13.52,13.67,13.25,13.46,87300,9.413721
2012-06-25,13.37,13.46,13.17,13.28,93100,9.287832
2012-06-26,13.25,13.58,13.05,13.4,95500,9.371758
2012-06-27,13.37,13.52,13.25,13.3,105800,9.30182
2012-06-28,13.25,13.45,13.15,13.34,83600,9.329794999999999
2012-06-29,13.51,13.99,13.2,13.9,128300,9.72145
2012-07-02,13.9,13.95,13.61,13.84,82100,9.679488000000001
2012-07-03,13.79,14.23,13.79,13.94,116900,9.749426
2012-07-05,14.0,14.25,13.95,14.19,89800,9.924272
2012-07-06,14.2,14.39,14.05,14.25,169700,9.966235000000001
2012-07-09,14.31,14.31,14.19,14.24,120000,9.959241
2012-07-10,14.48,14.48,14.05,14.17,133900,9.910283999999999
2012-07-11,14.23,14.26,14.03,14.24,49600,9.959241
2012-07-12,14.13,14.23,13.96,14.1,78300,9.861328
2012-07-13,14.18,14.23,13.9,13.99,88300,9.784395
2012-07-16,14.01,14.23,13.95,14.09,78700,9.854334
2012-07-17,13.95,14.0,13.46,13.68,218900,9.567586
2012-07-18,13.7,13.99,13.69,13.88,140700,9.707463
2012-07-19,13.71,13.84,13.58,13.71,18400,9.778789
2012-07-20,13.65,13.76,13.44,13.59,91500,9.693197999999999
2012-07-23,13.15,13.3,12.73,13.18,210900,9.400761
2012-07-24,13.14,13.23,12.94,13.0,93900,9.272375
2012-07-25,13.02,13.27,12.75,12.99,148900,9.265242
2012-07-26,13.16,13.21,12.98,13.0,105200,9.272375
2012-07-27,13.07,13.14,12.93,12.95,107100,9.236711
2012-07-30,12.91,13.16,12.83,12.98,143900,9.258109
2012-07-31,13.0,13.16,12.97,13.03,75800,9.293772
2012-08-01,13.15,13.18,12.85,12.87,61400,9.179651
2012-08-02,12.87,13.01,12.76,12.8,57300,9.129723
2012-08-03,13.02,13.05,12.78,12.89,62200,9.193916
2012-08-06,12.94,13.06,12.93,12.99,72500,9.265242
2012-08-07,13.08,13.18,12.99,13.05,64100,9.308038
2012-08-08,13.05,13.05,12.91,12.98,39400,9.258109
2012-08-09,13.01,13.15,12.94,12.96,80400,9.243844000000001
2012-08-10,12.99,13.04,12.88,12.89,70000,9.193916
2012-08-13,12.88,12.98,12.76,12.88,57500,9.186783
2012-08-14,12.95,12.95,12.67,12.82,305900,9.143988
2012-08-15,12.84,12.98,12.72,12.81,96900,9.136855
2012-08-16,12.97,13.0,12.7,12.84,153400,9.158253
2012-08-17,12.85,12.9,12.59,12.65,131500,9.022733
2012-08-20,12.68,12.68,12.08,12.35,176400,8.808755999999999
2012-08-21,12.41,12.57,12.33,12.51,129800,8.922877
2012-08-22,12.45,12.68,12.12,12.63,189400,9.008469
2012-08-23,12.76,12.88,12.58,12.72,144600,9.072662
2012-08-24,12.75,12.78,12.55,12.72,139500,9.072662
2012-08-27,12.77,12.94,12.66,12.81,152300,9.136855
2012-08-28,12.8,12.99,12.69,12.95,285000,9.236711
2012-08-29,13.0,13.14,12.94,12.94,137100,9.229579
2012-08-30,12.96,13.1,12.86,12.98,143800,9.258109
2012-08-31,13.04,13.29,13.04,13.17,112500,9.393628999999999
2012-09-04,13.12,14.27,13.04,14.18,913800,10.114021000000001
2012-09-05,14.32,14.94,14.06,14.5,1052300,10.342264
2012-09-06,14.64,15.25,14.44,15.03,723100,10.720291
2012-09-07,15.14,15.22,14.78,15.13,460700,10.791617
2012-09-10,15.22,16.110001,14.95,15.43,487600,11.005596
2012-09-11,15.63,15.74,15.25,15.47,269700,11.034125999999999
2012-09-12,15.39,16.08,15.23,15.74,352200,11.226706
2012-09-13,15.1,15.85,15.03,15.64,432100,11.155380000000001
2012-09-14,15.75,15.81,15.52,15.63,181800,11.148247
2012-09-17,15.74,15.75,15.31,15.48,153800,11.041258000000001
2012-09-18,15.38,15.49,14.87,15.48,247200,11.041258000000001
2012-09-19,15.45,15.61,15.27,15.52,158500,11.069789
2012-09-20,15.56,15.73,15.38,15.45,122100,11.019860000000001
2012-09-21,15.47,15.89,15.32,15.48,148300,11.041258000000001
2012-09-24,15.51,15.79,15.38,15.54,201800,11.084054
2012-09-25,15.51,15.62,15.16,15.23,154500,10.862943
2012-09-26,15.23,15.23,14.82,15.07,135100,10.748822
2012-09-27,15.29,15.56,15.12,15.36,159800,10.955667
2012-09-28,15.41,15.5,15.25,15.39,112800,10.977065
2012-10-01,15.52,15.75,15.5,15.69,214900,11.191042
2012-10-02,15.89,16.059998999999998,15.64,16.049999,366600,11.447816
2012-10-03,16.030001000000002,16.110001,15.61,15.8,154700,11.269501
2012-10-04,15.94,16.120001000000002,15.81,15.95,136600,11.376489999999999
2012-10-05,16.129998999999998,16.129998999999998,15.52,15.6,149000,11.12685
2012-10-08,15.82,15.83,15.42,15.48,126000,11.041258000000001
2012-10-09,15.63,15.66,15.33,15.43,141400,11.005596
2012-10-10,15.51,15.51,15.2,15.33,142400,10.934269
2012-10-11,15.33,15.62,15.29,15.29,131800,10.905739
2012-10-12,15.4,15.4,15.0,15.21,119900,10.848678
2012-10-15,15.43,15.43,15.12,15.23,101200,10.862943
2012-10-16,13.57,13.7,13.45,13.6,5643900,9.700331
2012-10-17,13.68,13.95,13.61,13.9,1738400,9.914308
2012-10-18,13.71,13.75,13.48,13.61,729900,9.89976
2012-10-19,13.56,13.58,13.31,13.56,386100,9.863391
2012-10-22,13.54,13.56,13.2,13.48,451700,9.805199
2012-10-23,13.33,13.52,13.25,13.33,448100,9.696091000000001
2012-10-24,13.77,14.0,13.33,13.91,1007700,10.117975999999999
2012-10-25,14.0,14.0,13.69,13.96,462400,10.154346
2012-10-26,14.01,14.03,13.6,13.73,233900,9.987046000000001
2012-10-31,13.98,14.0,13.42,13.53,299400,9.841569
2012-11-01,13.68,13.97,13.64,13.83,174000,10.059785
2012-11-02,13.98,13.98,13.41,13.71,306000,9.972499000000001
2012-11-05,13.79,13.84,13.51,13.7,198900,9.965225
2012-11-06,13.71,13.9,13.61,13.9,153200,10.110702
2012-11-07,13.88,13.88,13.39,13.56,240800,9.863391
2012-11-08,13.62,13.62,13.44,13.47,197600,9.797926
2012-11-09,13.49,13.58,13.26,13.31,128800,9.681544
2012-11-12,13.41,13.41,13.2,13.31,128300,9.681544
2012-11-13,13.27,13.38,12.79,13.01,290800,9.463327
2012-11-14,13.12,13.22,12.54,12.63,225400,9.186919
2012-11-15,12.7,12.75,12.25,12.6,286100,9.165098
2012-11-16,12.52,12.53,12.18,12.5,291300,9.092358
2012-11-19,12.94,13.32,12.71,13.3,318000,9.67427
2012-11-20,13.39,13.64,13.3,13.55,423700,9.856117
2012-11-21,13.61,13.82,13.51,13.82,181200,10.052511
2012-11-23,14.14,14.14,13.85,14.0,204500,10.183442
2012-11-26,13.96,14.08,13.84,14.07,346100,10.234359
2012-11-27,13.98,14.07,13.54,14.06,300200,10.227085
2012-11-28,14.1,14.1,13.79,14.1,333300,10.256181
2012-11-29,14.09,14.2,13.98,14.15,408700,10.29255
2012-11-30,14.2,14.4,14.0,14.21,263400,10.336193
2012-12-03,14.26,14.35,14.13,14.24,151600,10.358015
2012-12-04,14.24,14.35,13.85,14.08,221700,10.241633
2012-12-05,14.22,14.22,13.87,13.94,184100,10.139797999999999
2012-12-06,13.99,14.19,13.78,14.19,183900,10.321645
2012-12-07,14.19,14.24,13.59,13.94,140000,10.139797999999999
2012-12-10,14.07,14.11,13.74,13.8,173300,10.037964
2012-12-11,13.9,14.42,13.78,13.94,235100,10.139797999999999
2012-12-12,14.0,14.19,13.9,14.12,135100,10.270728
2012-12-13,14.05,14.19,13.83,14.11,154000,10.263454
2012-12-14,14.17,14.18,13.83,14.0,104400,10.183442
2012-12-17,13.98,14.06,13.52,13.75,211200,10.001594
2012-12-18,13.85,14.08,13.82,14.08,107200,10.241633
2012-12-19,14.14,14.23,13.88,14.22,180500,10.343467
2012-12-20,14.28,14.32,14.09,14.32,115000,10.416205999999999
2012-12-21,14.28,14.34,13.73,14.07,169900,10.234359
2012-12-24,14.13,14.13,13.81,13.94,61400,10.139797999999999
2012-12-26,13.99,14.04,13.72,13.86,109500,10.081607
2012-12-27,14.03,14.03,13.14,13.51,244100,9.827021
2012-12-28,13.4,13.91,13.4,13.66,175400,9.936129
2012-12-31,13.78,13.97,13.57,13.92,148900,10.12525
2013-01-02,14.23,14.74,14.19,14.44,230400,10.503492
2013-01-03,14.46,14.55,14.23,14.45,176800,10.510766
2013-01-04,14.51,14.74,14.32,14.7,211600,10.692613
2013-01-07,14.72,14.8,14.35,14.74,184600,10.721708999999999
2013-01-08,14.72,14.95,14.55,14.93,174900,10.859913
2013-01-09,15.0,15.05,14.74,14.9,173500,10.838091
2013-01-10,14.97,15.0,14.7,14.7,120500,10.692613
2013-01-11,14.8,14.89,14.7,14.7,134700,10.692613
2013-01-14,14.66,14.77,14.48,14.5,101700,10.547136
2013-01-15,14.39,14.85,14.39,14.64,148300,10.648971000000001
2013-01-16,14.68,14.72,14.57,14.63,144400,10.641696000000001
2013-01-17,14.72,15.0,14.67,14.95,108900,10.874461
2013-01-18,15.0,15.4,14.82,15.24,167500,11.085403
2013-01-22,15.69,15.7,15.1,15.38,333300,11.187238
2013-01-23,15.45,15.61,15.21,15.37,247000,11.179964
2013-01-24,15.5,15.85,15.05,15.59,257700,11.33999
2013-01-25,15.6,15.93,15.1,15.33,195100,11.150868
2013-01-28,15.25,15.59,15.15,15.17,239100,11.232316
2013-01-29,15.38,15.43,15.2,15.35,169600,11.365592999999999
2013-01-30,15.49,15.5,15.26,15.37,130700,11.380402
2013-01-31,15.34,15.8,15.22,15.75,261800,11.661764999999999
2013-02-01,15.87,15.98,15.26,15.45,238900,11.439636
2013-02-04,15.44,15.44,15.01,15.02,192400,11.121252
2013-02-05,15.14,15.4,15.12,15.26,105500,11.298955
2013-02-06,15.29,15.36,15.06,15.32,96600,11.34338
2013-02-07,15.36,15.38,15.04,15.21,146800,11.261933
2013-02-08,15.2,15.29,15.04,15.18,64000,11.23972
2013-02-11,15.15,15.31,14.98,15.08,90100,11.165677
2013-02-12,15.13,15.25,14.92,15.17,84200,11.232316
2013-02-13,15.13,15.4,15.02,15.35,154900,11.365592999999999
2013-02-14,15.09,15.32,14.01,15.2,905700,11.254529
2013-02-15,15.17,15.4,14.68,15.1,344700,11.180486
2013-02-19,15.15,15.3,14.98,15.26,133700,11.298955
2013-02-20,15.29,15.34,14.75,14.91,320600,11.039804
2013-02-21,14.86,15.13,14.5,14.83,391100,10.98057
2013-02-22,14.86,15.22,14.84,14.98,259200,11.091633999999999
2013-02-25,15.06,15.18,14.59,14.62,231900,10.82508
2013-02-26,14.77,15.05,14.35,14.9,259500,11.0324
2013-02-27,14.95,15.4,14.83,15.07,289600,11.158273
2013-02-28,15.13,15.5,15.06,15.42,327100,11.417423
2013-03-01,15.35,15.59,15.23,15.49,156300,11.469253
2013-03-04,15.5,15.57,15.23,15.31,132800,11.335975999999999
2013-03-05,15.69,16.709999,15.45,16.23,1062000,12.017171000000001
2013-03-06,16.15,16.540001,15.67,16.459999,315600,12.187469
2013-03-07,16.4,16.6,16.25,16.540001,240200,12.246705
2013-03-08,16.559998999999998,16.6,16.309998999999998,16.35,181400,12.106023
2013-03-11,16.290001,16.440001000000002,15.83,16.219998999999998,192200,12.009766
2013-03-12,16.25,16.530001000000002,16.0,16.219998999999998,135100,12.009766
2013-03-13,16.25,16.25,15.96,16.209999,89700,12.002362
2013-03-14,16.209999,16.209999,15.8,15.88,154600,11.758021000000001
2013-03-15,15.88,16.209999,15.88,16.0,324200,11.846872
2013-03-18,15.77,16.120001000000002,15.77,15.89,94800,11.765425
2013-03-19,16.01,16.059998999999998,15.64,15.71,118900,11.632147999999999
2013-03-20,15.73,15.89,15.55,15.69,134000,11.617339
2013-03-21,15.64,15.87,15.51,15.66,95400,11.595125999999999
2013-03-22,15.66,15.75,15.3,15.43,240000,11.424828
2013-03-25,15.54,16.09,15.32,16.0,199700,11.846872
2013-03-26,16.129998999999998,16.27,15.84,15.96,148000,11.817255000000001
2013-03-27,15.83,15.99,15.62,15.86,95200,11.743212
2013-03-28,15.8,15.91,15.5,15.89,103400,11.765425
2013-04-01,15.93,15.93,15.41,15.62,106700,11.565509
2013-04-02,15.71,15.9,15.43,15.54,94400,11.506275
2013-04-03,15.51,15.97,15.43,15.53,190000,11.49887
2013-04-04,15.52,15.77,15.45,15.56,151900,11.521084
2013-04-05,15.4,15.67,15.37,15.61,59800,11.558105
2013-04-08,15.61,16.1,15.43,15.9,123000,11.772829
2013-04-09,15.89,15.99,15.77,15.88,86700,11.758021000000001
2013-04-10,15.88,15.93,15.79,15.88,65700,11.758021000000001
2013-04-11,15.92,15.98,15.6,15.72,101100,11.639552
2013-04-12,15.62,15.96,15.55,15.8,115400,11.698787
2013-04-15,15.7,15.87,15.2,15.38,173000,11.387806
2013-04-16,15.49,15.7,15.21,15.37,133400,11.380402
2013-04-17,15.31,15.68,15.2,15.55,131300,11.513679
2013-04-18,15.49,15.95,15.4,15.84,166800,11.728404
2013-04-19,15.82,15.95,15.75,15.82,95600,11.713595
2013-04-22,15.62,15.72,15.2,15.58,16800,11.736194
2013-04-23,15.65,15.76,15.4,15.45,102400,11.638266999999999
2013-04-24,15.5,15.81,15.46,15.74,130400,11.85672
2013-04-25,15.75,16.1,15.65,16.049999,158300,12.090238000000001
2013-04-26,15.96,16.700001,15.96,16.370001000000002,313500,12.331291
2013-04-29,16.57,16.65,16.17,16.17,94900,12.180633
2013-04-30,16.35,16.42,15.83,16.040001,111000,12.082706
2013-05-01,16.049999,16.07,15.78,15.94,80900,12.007377
2013-05-02,15.94,16.360001,15.89,16.280001000000002,161500,12.263494999999999
2013-05-03,16.450001,16.93,16.379998999999998,16.559998999999998,251700,12.474414
2013-05-06,16.719998999999998,16.91,16.35,16.4,192300,12.353888000000001
2013-05-07,16.5,16.889999,16.280001000000002,16.530001000000002,170900,12.451816
2013-05-08,16.51,16.58,16.280001000000002,16.52,93200,12.444283
2013-05-09,16.65,16.790001,16.35,16.48,94500,12.414150999999999
2013-05-10,16.540001,16.83,16.459999,16.83,72000,12.677800999999999
2013-05-13,16.799999,16.83,16.48,16.530001000000002,47400,12.451816
2013-05-14,16.549999,16.58,16.299999,16.440001000000002,89300,12.38402
2013-05-15,16.469998999999998,16.709999,16.459999,16.700001,76700,12.579875
2013-05-16,16.809998999999998,17.370001000000002,16.709999,16.92,273000,12.745597
2013-05-17,17.059998999999998,17.24,16.9,17.17,111000,12.933919
2013-05-20,17.23,17.389999,17.07,17.200001,128200,12.956517999999999
2013-05-21,17.33,17.33,17.040001,17.26,113200,13.001714999999999
2013-05-22,17.25,17.25,16.52,16.969998999999998,162000,12.783261
2013-05-23,16.860001,17.040001,16.25,16.58,149200,12.48948
2013-05-24,16.66,16.82,16.41,16.57,67100,12.481947
2013-05-28,16.77,17.15,16.6,16.77,96100,12.632605
2013-05-29,16.83,17.0,16.52,16.709999,198200,12.587406
2013-05-30,16.879998999999998,17.030001000000002,16.84,16.91,128100,12.738064
2013-05-31,16.879998999999998,17.200001,16.629998999999998,16.809998999999998,123300,12.662735000000001
2013-06-03,16.889999,17.0,16.52,16.969998999999998,114500,12.783261
2013-06-04,17.02,17.190001000000002,16.860001,17.16,114600,12.926386
2013-06-05,17.200001,17.200001,16.700001,16.860001,161900,12.7004
2013-06-06,16.809998999999998,17.0,16.68,16.91,102500,12.738064
2013-06-07,17.76,17.76,16.76,17.08,159300,12.866123
2013-06-10,17.15,17.389999,17.030001000000002,17.35,100900,13.069510000000001
2013-06-11,17.280001000000002,17.4,17.209999,17.27,120000,13.009248
2013-06-12,17.4,17.5,17.17,17.209999,94100,12.964049000000001
2013-06-13,17.24,17.389999,17.16,17.370001000000002,85900,13.084576
2013-06-14,17.200001,17.57,17.200001,17.41,64100,13.114707000000001
2013-06-17,17.559998999999998,17.6,17.190001000000002,17.299999,63100,13.031845
2013-06-18,17.35,17.610001,17.200001,17.49,110600,13.174970000000002
2013-06-19,17.549999,17.780001000000002,17.32,17.49,143600,13.174970000000002
2013-06-20,17.469998999999998,17.469998999999998,17.129998999999998,17.33,102200,13.054444
2013-06-21,17.450001,17.48,17.16,17.34,151000,13.061977
2013-06-24,17.18,17.379998999999998,17.049999,17.219998999999998,248900,12.971582000000001
2013-06-25,17.219998999999998,17.280001000000002,17.1,17.25,108900,12.994182
2013-06-26,17.33,17.549999,17.23,17.280001000000002,107200,13.016781
2013-06-27,17.299999,17.34,17.139999,17.200001,222000,12.956517999999999
2013-06-28,17.370001000000002,17.5,17.209999,17.23,139700,12.979115
2013-07-01,17.360001,17.549999,17.26,17.370001000000002,101600,13.084576
2013-07-02,17.379998999999998,17.469998999999998,17.17,17.469998999999998,138700,13.159904000000001
2013-07-03,17.379998999999998,17.389999,17.200001,17.26,27200,13.001714999999999
2013-07-05,17.4,17.48,17.139999,17.469998999999998,95000,13.159904000000001
2013-07-08,17.450001,17.690001000000002,17.450001,17.6,62500,13.257832
2013-07-09,17.65,18.0,17.59,17.799999,173700,13.408488
2013-07-10,17.870001000000002,18.190001000000002,17.73,18.040001,288300,13.589278
2013-07-11,18.0,18.379998999999998,17.969998999999998,18.15,174700,13.672139000000001
2013-07-12,18.16,18.299999,18.0,18.280001000000002,70500,13.770066
2013-07-15,18.299999,18.66,18.190001000000002,18.459999,95300,13.905657000000001
2013-07-16,18.49,18.59,17.870001000000002,18.290001,94700,13.7776
2013-07-17,18.389999,18.540001,17.959999,18.17,63200,13.687204999999999
2013-07-18,18.110001,18.389999,18.049999,18.280001000000002,95300,13.770066
2013-07-19,18.309998999999998,18.57,17.969998999999998,18.15,87400,13.672139000000001
2013-07-22,17.940001000000002,18.049999,17.4,17.719998999999998,92900,13.549792000000002
2013-07-23,17.370001000000002,17.65,16.66,16.799999,381900,12.846303
2013-07-24,16.790001,17.23,16.790001,17.08,142400,13.060409
2013-07-25,16.440001000000002,17.85,16.23,17.610001,200300,13.465679999999999
2013-07-26,17.540001,17.93,17.5,17.790001,128400,13.603319
2013-07-29,17.83,18.0,17.700001,17.84,103600,13.641551999999999
2013-07-30,17.889999,18.09,17.360001,17.65,98500,13.496266
2013-07-31,17.620001000000002,17.74,17.370001000000002,17.6,116900,13.458032999999999
2013-08-01,17.719998999999998,18.110001,17.52,18.08,114400,13.825070000000002
2013-08-02,18.08,18.08,17.719998999999998,17.809998999999998,106500,13.618610999999998
2013-08-05,17.84,18.25,17.549999,18.040001,115900,13.794483999999999
2013-08-06,17.91,18.0,17.67,17.92,79700,13.702724
2013-08-07,17.91,18.08,17.780001000000002,18.01,79500,13.771544
2013-08-08,18.0,18.139999,17.799999,17.959999,80900,13.733310000000001
2013-08-09,18.040001,18.129998999999998,17.58,17.75,94800,13.572732
2013-08-12,17.809998999999998,18.200001,17.540001,17.809998999999998,187800,13.618610999999998
2013-08-13,17.76,17.92,17.549999,17.66,64000,13.503912
2013-08-14,17.74,17.85,17.459999,17.530001000000002,75700,13.404507
2013-08-15,17.450001,17.469998999999998,17.219998999999998,17.42,88400,13.320394
2013-08-16,17.360001,17.43,16.82,16.870001000000002,445300,12.899830999999999
2013-08-19,16.98,17.32,16.9,17.07,108200,13.052762
2013-08-20,17.09,17.25,16.99,17.139999,100500,13.106288000000001
2013-08-21,17.110001,17.280001000000002,17.059998999999998,17.25,124100,13.190401000000001
2013-08-22,17.309998999999998,17.5,17.18,17.48,115500,13.366273000000001
2013-08-23,17.559998999999998,17.66,17.4,17.43,90300,13.328041
2013-08-26,17.5,17.76,17.41,17.719998999999998,63500,13.549792000000002
2013-08-27,17.620001000000002,17.629998999999998,16.93,17.0,175100,12.999236
2013-08-28,16.99,17.35,16.709999,16.73,192400,12.792777000000001
2013-08-29,16.799999,17.41,16.799999,17.34,142800,13.259220999999998
2013-08-30,17.280001000000002,17.52,17.01,17.08,86800,13.060409
2013-09-03,17.49,17.57,16.93,17.08,235300,13.060409
2013-09-04,17.15,17.34,17.059998999999998,17.23,72600,13.175107999999998
2013-09-05,17.190001000000002,17.389999,17.040001,17.09,76600,13.068056
2013-09-06,17.23,17.33,17.0,17.209999,115500,13.159814
2013-09-09,17.309998999999998,17.5,17.280001000000002,17.459999,66600,13.350979999999998
2013-09-10,17.450001,17.540001,17.35,17.389999,80900,13.297454
2013-09-11,17.450001,17.530001000000002,17.290001,17.43,99700,13.328041
2013-09-12,17.4,17.549999,17.25,17.35,92900,13.266867999999999
2013-09-13,17.32,17.379998999999998,17.120001000000002,17.200001,87600,13.152169
2013-09-16,17.309998999999998,17.42,17.16,17.290001,114700,13.220989000000001
2013-09-17,17.34,17.719998999999998,17.24,17.43,118100,13.328041
2013-09-18,17.43,17.459999,17.18,17.32,71700,13.243927
2013-09-19,17.41,18.25,17.299999,18.18,326500,13.901535999999998
2013-09-20,18.219998999999998,18.26,17.67,18.18,164400,13.901535999999998
2013-09-23,18.139999,18.280001000000002,17.790001,17.809998999999998,62000,13.618610999999998
2013-09-24,17.860001,18.540001,17.82,18.32,128200,14.008588
2013-09-25,18.360001,18.629998999999998,18.1,18.16,128900,13.886242999999999
2013-09-26,18.200001,18.200001,17.889999,18.0,97000,13.763897
2013-09-27,17.950001,17.99,17.67,17.74,74700,13.565085
2013-09-30,17.66,17.790001,17.469998999999998,17.629998999999998,99600,13.480972
2013-10-01,17.700001,17.9,17.549999,17.66,108200,13.503912
2013-10-02,17.68,17.719998999999998,17.299999,17.34,143200,13.259220999999998
2013-10-03,17.4,17.549999,17.290001,17.459999,76600,13.350979999999998
2013-10-04,17.58,17.780001000000002,17.49,17.700001,130900,13.534498999999999
2013-10-07,17.700001,18.01,17.4,17.4,71900,13.3051
2013-10-08,17.49,17.5,16.629998999999998,16.65,170800,12.731605
2013-10-09,16.75,17.200001,16.530001000000002,16.75,121400,12.808071
2013-10-10,16.870001000000002,17.450001,16.870001000000002,17.33,126700,13.251574
2013-10-11,17.389999,17.73,17.25,17.65,77400,13.496266
2013-10-14,17.65,17.959999,17.299999,17.940001000000002,105300,13.718017999999999
2013-10-15,17.969998999999998,18.09,17.870001000000002,18.0,115100,13.763897
2013-10-16,18.09,18.18,17.98,18.120001000000002,63100,13.855657
2013-10-17,18.01,18.120001000000002,17.75,17.85,275100,13.649198
2013-10-18,18.110001,18.200001,17.860001,17.940001000000002,238800,13.718017999999999
2013-10-21,17.700001,17.83,17.43,17.459999,177000,13.554985
2013-10-22,17.450001,17.93,17.42,17.51,167700,13.593803
2013-10-23,17.73,17.85,17.450001,17.51,177700,13.593803
2013-10-24,17.559998999999998,18.09,17.34,18.08,121300,14.036320000000002
2013-10-25,18.059998999999998,18.09,17.84,17.870001000000002,114700,13.873288
2013-10-28,17.9,17.9,17.67,17.74,62800,13.772362
2013-10-29,18.049999,18.99,18.049999,18.49,510400,14.354621
2013-10-30,18.65,18.68,18.35,18.42,118800,14.300277
2013-10-31,18.450001,18.65,18.33,18.57,53300,14.416729
2013-11-01,18.68,18.809998999999998,18.469998999999998,18.58,76500,14.424493
2013-11-04,18.719998999999998,18.84,18.58,18.68,67000,14.502127
2013-11-05,18.610001,18.66,18.459999,18.51,129100,14.370149
2013-11-06,18.620001000000002,18.75,18.450001,18.5,91100,14.362385
2013-11-07,18.469998999999998,18.629998999999998,17.74,17.799999,99100,13.818942999999999
2013-11-08,17.889999,18.139999,17.610001,18.01,181400,13.981976000000001
2013-11-11,18.07,18.559998999999998,17.99,18.540001,114400,14.393439
2013-11-12,18.57,18.73,18.34,18.5,91300,14.362385
2013-11-13,18.379998999999998,18.75,18.379998999999998,18.719998999999998,70000,14.533179999999998
2013-11-14,18.66,19.059998999999998,18.540001,18.92,95600,14.68845
2013-11-15,18.91,19.02,18.6,18.790001,115300,14.587526
2013-11-18,18.85,18.93,18.639999,18.690001000000002,75600,14.509891
2013-11-19,18.690001000000002,18.84,18.43,18.790001,133300,14.587526
2013-11-20,18.870001000000002,18.93,18.190001000000002,18.299999,77200,14.207115
2013-11-21,18.280001000000002,18.43,17.690001000000002,17.76,151500,13.787889999999999
2013-11-22,17.74,17.879998999999998,17.620001000000002,17.690001000000002,129600,13.733545999999999
2013-11-25,17.82,17.889999,17.690001000000002,17.84,91200,13.849997
2013-11-26,17.719998999999998,17.91,17.219998999999998,17.25,232000,13.391954
2013-11-27,17.25,17.52,17.24,17.41,87400,13.516169
2013-11-29,17.49,17.780001000000002,17.450001,17.5,31700,13.586039999999999
2013-12-02,17.540001,17.58,16.799999,17.02,177700,13.213395000000002
2013-12-03,17.0,17.110001,16.799999,16.84,130900,13.073652000000001
2013-12-04,16.83,17.08,16.51,16.809998999999998,251600,13.050361
2013-12-05,16.76,17.01,16.76,16.9,87200,13.120232000000001
2013-12-06,17.0,17.24,16.98,17.209999,78400,13.360899
2013-12-09,17.15,17.549999,17.040001,17.5,124900,13.586039999999999
2013-12-10,17.370001000000002,17.57,17.139999,17.200001,124800,13.353137
2013-12-11,17.25,17.379998999999998,16.4,16.49,238900,12.801931
2013-12-12,16.5,16.700001,15.9,16.290001,373400,12.646663
2013-12-13,16.389999,16.85,16.32,16.74,140300,12.996017
2013-12-16,16.92,16.969998999999998,16.76,16.969998999999998,104100,13.174576
2013-12-17,16.91,17.75,16.9,17.68,169100,13.725782
2013-12-18,17.629998999999998,17.629998999999998,16.74,16.879998999999998,192100,13.104705000000001
2013-12-19,16.860001,17.389999,16.799999,17.190001000000002,334000,13.345373
2013-12-20,17.280001000000002,18.09,17.139999,17.84,311000,13.849997
2013-12-23,17.969998999999998,18.290001,17.889999,18.18,177400,14.113954999999999
2013-12-24,18.25,18.51,18.25,18.360001,123900,14.253697
2013-12-26,18.379998999999998,18.58,18.110001,18.32,114500,14.222643
2013-12-27,18.379998999999998,18.450001,18.1,18.379998999999998,99700,14.269223
2013-12-30,18.309998999999998,18.33,17.98,18.1,126000,14.051847
2013-12-31,18.190001000000002,18.280001000000002,18.08,18.27,95700,14.183826000000002
2014-01-02,18.09,18.09,17.59,17.799999,145500,13.818942999999999
2014-01-03,17.809998999999998,18.040001,17.549999,17.83,118200,13.842234
2014-01-06,17.85,18.129998999999998,17.709999,18.049999,301600,14.013029000000001
2014-01-07,18.049999,18.469998999999998,17.709999,17.860001,348100,13.865525
2014-01-08,17.959999,18.02,17.700001,17.93,196500,13.919868
2014-01-09,18.110001,18.58,17.950001,18.110001,284600,14.059610999999999
2014-01-10,18.26,18.459999,17.950001,18.41,142000,14.292514
2014-01-13,18.450001,18.52,18.18,18.5,250200,14.362385
2014-01-14,18.5,18.92,18.35,18.68,218100,14.502127
2014-01-15,18.83,18.85,18.65,18.780001000000002,241400,14.579761999999999
2014-01-16,18.5,18.91,18.440001000000002,18.84,190600,14.839692000000001
2014-01-17,18.950001,18.969998999999998,18.66,18.77,144100,14.784555
2014-01-21,18.870001000000002,19.049999,18.700001,19.049999,227200,15.005101999999999
2014-01-22,19.09,19.25,18.809998999999998,18.99,131700,14.957842000000001
2014-01-23,18.969998999999998,19.24,18.440001000000002,18.57,157500,14.627021
2014-01-24,18.49,18.57,17.549999,18.09,219500,14.24894
2014-01-27,18.0,18.139999,17.370001000000002,17.959999,197100,14.146542000000002
2014-01-28,18.0,18.68,17.91,18.59,281200,14.642775
2014-01-29,18.440001000000002,18.719998999999998,18.18,18.51,193300,14.579760999999998
2014-01-30,18.75,19.91,18.33,19.549999,501700,15.398937
2014-01-31,19.360001,19.9,19.08,19.639999,273400,15.469826999999999
2014-02-03,19.719998999999998,20.110001,18.6,18.74,227400,14.760925
2014-02-04,18.959999,18.959999,18.49,18.9,165100,14.886951999999999
2014-02-05,18.76,19.059998999999998,18.41,19.0,109200,14.965719
2014-02-06,19.129998999999998,19.59,19.01,19.57,153700,15.41469
2014-02-07,19.690001000000002,19.99,19.51,19.809998999999998,142100,15.603731
2014-02-10,19.84,20.040001,19.52,19.98,172600,15.737635000000001
2014-02-11,20.0,20.129998999999998,19.82,19.99,133700,15.745512
2014-02-12,19.940001000000002,20.0,19.84,20.0,131500,15.753388000000001
2014-02-13,19.82,20.559998999999998,19.82,20.1,199600,15.832156
2014-02-14,20.0,20.450001,19.459999,19.559998999999998,238200,15.406813
2014-02-18,19.700001,20.6,19.700001,20.280001000000002,173000,15.973935999999998
2014-02-19,20.219998999999998,20.48,19.84,19.889999,166000,15.666744
2014-02-20,19.92,20.48,19.9,20.4,243200,16.068456
2014-02-21,20.450001,20.950001,20.18,20.66,309700,16.27325
2014-02-24,20.780001000000002,20.860001,20.24,20.280001000000002,165300,15.973935999999998
2014-02-25,20.26,20.299999,19.9,20.08,140100,15.816401999999998
2014-02-26,20.01,20.16,19.74,19.91,159100,15.682498
2014-02-27,19.85,20.120001000000002,19.620001000000002,19.84,161800,15.627360999999999
2014-02-28,19.9,20.190001000000002,19.690001000000002,20.129998999999998,181200,15.855785000000001
2014-03-03,19.889999,20.17,19.83,20.139999,84000,15.863662
2014-03-04,20.33,20.75,20.15,20.65,230600,16.265373
2014-03-05,20.59,21.25,20.51,21.190001000000002,226400,16.690715
2014-03-06,21.34,21.66,20.629998999999998,20.77,227700,16.359894
2014-03-07,20.860001,20.99,20.5,20.549999,137800,16.186606
2014-03-10,20.6,20.969998999999998,20.360001,20.870001000000002,165600,16.438661
2014-03-11,20.99,21.09,20.440001000000002,20.59,225200,16.218113
2014-03-12,20.51,21.0,20.51,21.0,131400,16.541058
2014-03-13,21.0,21.15,20.18,20.49,148500,16.139346
2014-03-14,20.459999,20.809998999999998,20.459999,20.629998999999998,66200,16.249619
2014-03-17,20.76,20.879998999999998,20.360001,20.799999,103500,16.383523
2014-03-18,20.860001,21.01,20.74,20.870001000000002,109500,16.438661
2014-03-19,20.76,20.860001,20.35,20.5,120000,16.147223
2014-03-20,20.459999,20.51,20.15,20.290001,69700,15.981813
2014-03-21,20.6,20.84,20.469998999999998,20.559998999999998,197300,16.194482999999998
2014-03-24,20.67,20.84,20.25,20.639999,88900,16.257496
2014-03-25,20.719998999999998,20.9,20.459999,20.620001000000002,77600,16.241744
2014-03-26,20.65,20.780001000000002,20.290001,20.41,123200,16.076332999999998
2014-03-27,20.35,20.68,20.219998999999998,20.559998999999998,93300,16.194482999999998
2014-03-28,20.65,21.209999,20.549999,21.15,188200,16.659208
2014-03-31,21.41,21.5,21.24,21.5,192700,16.934893
2014-04-01,21.48,21.73,21.26,21.530001000000002,129700,16.958523
2014-04-02,21.459999,21.639999,21.4,21.530001000000002,97500,16.958523
2014-04-03,21.559998999999998,21.6,21.0,21.059998999999998,96000,16.588318
2014-04-04,21.15,21.52,20.66,20.959999,125200,16.50955
2014-04-07,21.030001000000002,21.030001000000002,20.290001,20.889999,103400,16.454414
2014-04-08,20.959999,21.129998999999998,20.860001,20.98,62700,16.525304000000002
2014-04-09,21.02,21.219998999999998,20.799999,21.15,58700,16.659208
2014-04-10,21.08,21.129998999999998,20.82,20.959999,114500,16.50955
2014-04-11,20.85,21.040001,20.66,20.92,186400,16.478044
2014-04-14,20.799999,20.799999,20.530001000000002,20.67,191600,16.281126999999998
2014-04-15,20.68,20.799999,20.42,20.6,142500,16.22599
2014-04-16,20.639999,20.799999,20.610001,20.77,84800,16.359894
2014-04-17,20.75,21.120001000000002,20.67,21.07,83900,16.596194
2014-04-21,21.049999,21.440001000000002,21.049999,21.42,108800,16.871879
2014-04-22,21.389999,22.25,21.389999,22.1,320300,17.407494
2014-04-23,22.01,22.23,21.879998999999998,22.120001000000002,137700,17.423248
2014-04-24,22.110001,22.16,21.469998999999998,21.52,170400,16.950646
2014-04-25,21.469998999999998,21.73,20.85,21.1,163700,16.619825
2014-04-28,21.209999,21.41,21.0,21.110001,84400,16.627702
2014-04-29,21.16,21.790001,21.16,21.719998999999998,105100,17.108179
2014-04-30,22.549999,22.549999,21.1,21.440001000000002,112500,16.887632999999997
2014-05-01,21.4,21.84,21.379998999999998,21.6,104800,17.01366
2014-05-02,21.610001,21.889999,21.52,21.549999,67000,16.974275
2014-05-05,21.450001,21.67,21.110001,21.57,51800,16.990029
2014-05-06,21.43,21.610001,21.17,21.469998999999998,74000,16.911262
2014-05-07,21.23,21.92,21.1,21.58,93700,17.222513
2014-05-08,21.629998999999998,21.99,21.42,21.5,84800,17.158667
2014-05-09,21.620001000000002,21.709999,21.290001,21.459999,52700,17.126742999999998
2014-05-12,21.65,21.92,21.469998999999998,21.75,90400,17.358186
2014-05-13,21.75,21.82,21.41,21.5,116400,17.158667
2014-05-14,21.5,21.799999,21.32,21.5,98000,17.158667
2014-05-15,21.360001,21.360001,20.77,21.17,120400,16.895301
2014-05-16,21.08,21.610001,21.07,21.52,76500,17.174629
2014-05-19,21.530001000000002,21.65,21.139999,21.49,158100,17.150686
2014-05-20,21.370001000000002,21.65,21.1,21.389999,113300,17.070878
2014-05-21,21.5,21.76,21.360001,21.48,74000,17.142705
2014-05-22,21.5,21.700001,21.389999,21.66,113800,17.286359
2014-05-23,21.68,21.860001,21.540001,21.790001,99200,17.39011
2014-05-27,21.9,21.950001,21.73,21.889999,106800,17.469917000000002
2014-05-28,21.940001000000002,22.23,21.75,22.139999,80400,17.669435999999997
2014-05-29,22.059998999999998,22.08,21.73,21.84,73300,17.430013
2014-05-30,21.74,21.93,21.68,21.77,84400,17.374148
2014-06-02,21.73,21.92,21.68,21.879998999999998,90000,17.461935999999998
2014-06-03,21.84,21.98,21.629998999999998,21.68,112700,17.302321
2014-06-04,21.700001,22.07,21.540001,22.07,87600,17.613571
2014-06-05,22.049999,22.360001,22.02,22.209999,87200,17.725301
2014-06-06,22.32,22.5,22.27,22.370001000000002,64100,17.852995
2014-06-09,22.459999,22.5,22.209999,22.280001000000002,60100,17.781168
2014-06-10,22.26,22.43,22.16,22.309998999999998,104100,17.805108999999998
2014-06-11,22.299999,22.4,22.120001000000002,22.379998999999998,58500,17.860974
2014-06-12,22.360001,22.450001,22.15,22.370001000000002,76200,17.852995
2014-06-13,22.34,22.379998999999998,22.110001,22.280001000000002,49500,17.781168
2014-06-16,22.17,22.450001,22.17,22.440001000000002,59300,17.90886
2014-06-17,22.42,22.75,22.23,22.75,96500,18.156264
2014-06-18,22.66,23.040001,22.48,23.0,98900,18.355783
2014-06-19,22.93,23.48,22.83,23.32,138000,18.611168
2014-06-20,23.459999,23.85,23.129998999999998,23.4,124400,18.675014
2014-06-23,23.309998999999998,23.49,22.959999,23.49,85400,18.746841
2014-06-24,23.4,23.6,23.15,23.5,123800,18.754822
2014-06-25,23.379998999999998,23.530001000000002,23.110001,23.32,136700,18.611168
2014-06-26,23.35,23.58,23.129998999999998,23.48,45000,18.73886
2014-06-27,23.559998999999998,23.6,23.34,23.42,51900,18.690976000000003
2014-06-30,23.309998999999998,23.4,22.99,23.32,175300,18.611168
2014-07-01,23.52,24.07,23.360001,23.91,134300,19.082033
2014-07-02,23.9,23.9,23.42,23.709999,60700,18.922417000000003
2014-07-03,23.690001000000002,23.690001000000002,23.450001,23.549999,24900,18.794725
2014-07-07,23.59,23.75,23.32,23.58,63700,18.818668
2014-07-08,23.49,23.52,22.82,22.870001000000002,96100,18.252034
2014-07-09,22.879998999999998,23.120001000000002,22.73,23.120001000000002,62000,18.451553
2014-07-10,22.719998999999998,23.959999,22.719998999999998,23.629998999999998,122000,18.858570999999998
2014-07-11,23.73,23.950001,23.290001,23.59,115100,18.826649
2014-07-14,24.0,24.379998999999998,23.719998999999998,23.959999,162700,19.121937
2014-07-15,24.08,24.299999,23.85,23.98,151700,19.137898999999997
2014-07-16,24.059998999999998,24.360001,24.0,24.360001,117800,19.441169
2014-07-17,24.4,24.4,24.110001,24.129998999999998,180500,19.25761
2014-07-18,24.25,24.32,23.530001000000002,23.9,174200,19.074053
2014-07-21,23.6,23.719998999999998,23.1,23.5,102700,18.977148
2014-07-22,23.65,23.65,23.209999,23.35,272000,18.856018
2014-07-23,23.34,23.620001000000002,23.209999,23.440001000000002,200600,18.928696
2014-07-24,23.65,24.940001000000002,23.26,24.33,216900,19.647405
2014-07-25,24.35,24.370001000000002,24.09,24.18,118800,19.526274
2014-07-28,24.24,24.5,24.09,24.200001,85000,19.542425
2014-07-29,24.15,24.5,23.780001000000002,23.879998999999998,137700,19.284012
2014-07-30,24.08,24.15,23.799999,23.9,61100,19.300163
2014-07-31,23.620001000000002,23.879998999999998,23.610001,23.700001,77300,19.138656
2014-08-01,23.549999,23.780001000000002,23.379998999999998,23.43,97200,18.920621
2014-08-04,23.52,23.549999,23.25,23.43,75900,18.920621
2014-08-05,23.459999,23.469998999999998,22.809998999999998,22.9,103800,18.492625
2014-08-06,22.809998999999998,23.030001000000002,22.32,22.43,200300,18.113082000000002
2014-08-07,22.49,22.73,22.41,22.559998999999998,61300,18.218062
2014-08-08,22.6,22.75,22.26,22.629998999999998,96800,18.274589000000002
2014-08-11,22.700001,22.73,22.540001,22.639999,82700,18.282664999999998
2014-08-12,22.68,22.92,22.5,22.889999,90500,18.484548999999998
2014-08-13,22.92,23.15,22.870001000000002,23.15,102900,18.694509
2014-08-14,23.15,23.41,23.07,23.370001000000002,154700,18.872169
2014-08-15,23.42,23.530001000000002,23.18,23.459999,54900,18.944846
2014-08-18,23.43,23.780001000000002,23.43,23.65,53800,19.098278
2014-08-19,23.370001000000002,23.389999,21.610001,22.700001,980100,18.331118
2014-08-20,22.629998999999998,22.83,22.280001000000002,22.57,341600,18.226136999999998
2014-08-21,22.52,23.139999,22.5,22.98,354100,18.557228
2014-08-22,22.99,22.99,22.65,22.68,132700,18.314967000000003
2014-08-25,22.74,22.82,22.389999,22.51,164700,18.177685
2014-08-26,22.6,22.629998999999998,22.299999,22.42,212900,18.105007
2014-08-27,22.389999,22.6,22.24,22.49,100400,18.161534
2014-08-28,22.299999,22.59,22.209999,22.469998999999998,128200,18.145383
2014-08-29,22.57,22.57,22.34,22.43,110100,18.113082000000002
2014-09-02,22.41,22.84,22.41,22.610001,209200,18.258439000000003
2014-09-03,22.57,22.99,22.370001000000002,22.950001,314400,18.533003
2014-09-04,23.0,23.1,22.629998999999998,22.67,92500,18.306891
2014-09-05,22.75,22.870001000000002,22.559998999999998,22.780001000000002,75900,18.395720999999998
2014-09-08,22.82,22.85,22.5,22.690001000000002,104100,18.323042
2014-09-09,22.700001,22.700001,22.440001000000002,22.540001,58500,18.201912
2014-09-10,22.559998999999998,22.780001000000002,22.51,22.75,73600,18.371494000000002
2014-09-11,22.68,22.83,22.5,22.57,87700,18.226136999999998
2014-09-12,22.629998999999998,22.780001000000002,22.4,22.459999,177800,18.137307
2014-09-15,22.49,22.610001,22.25,22.57,137900,18.226136999999998
2014-09-16,22.440001000000002,22.639999,22.379998999999998,22.51,118500,18.177685
2014-09-17,22.6,22.76,22.389999,22.52,118100,18.185761
2014-09-18,23.26,23.440001000000002,22.84,23.35,358000,18.856018
2014-09-19,23.75,23.84,23.450001,23.790001,323400,19.211335000000002
2014-09-22,23.790001,23.82,23.25,23.5,139800,18.977148
2014-09-23,23.370001000000002,23.76,23.24,23.530001000000002,99200,19.001375
2014-09-24,23.6,23.780001000000002,23.360001,23.5,91200,18.977148
2014-09-25,23.41,23.6,22.91,23.0,91000,18.573379
2014-09-26,22.950001,23.17,22.639999,22.700001,171700,18.331118
2014-09-29,22.6,22.75,22.200001,22.299999,162200,18.008101
2014-09-30,22.24,22.27,21.9,21.959999,138200,17.733538
2014-10-01,21.9,21.959999,21.139999,21.209999,247700,17.127885
2014-10-02,21.280001000000002,21.620001000000002,20.77,21.49,209600,17.353996
2014-10-03,21.59,21.93,21.43,21.77,149200,17.580107
2014-10-06,21.780001000000002,21.85,21.049999,21.27,158300,17.176338
2014-10-07,21.16,21.16,20.66,20.68,189400,16.69989
2014-10-08,20.690001000000002,20.870001000000002,19.75,20.389999,263700,16.465704000000002
2014-10-09,20.440001000000002,20.51,19.940001000000002,19.99,232500,16.142689
2014-10-10,19.950001,20.41,19.75,20.08,160600,16.215367
2014-10-13,20.110001,20.190001000000002,17.57,17.959999,878600,14.503385999999999
2014-10-14,17.91,19.030001000000002,17.700001,18.700001,438700,15.100964999999999
2014-10-15,18.540001,18.540001,17.4,18.389999,227700,14.850627
2014-10-16,18.120001000000002,18.98,18.1,18.879998999999998,209500,15.246321
2014-10-17,19.32,19.5,18.969998999999998,19.110001,169200,15.432056
2014-10-20,19.049999,19.209999,18.66,19.120001000000002,147400,15.669723999999999
2014-10-21,19.190001000000002,19.620001000000002,19.120001000000002,19.48,126300,15.96476
2014-10-22,19.549999,20.0,19.370001000000002,19.42,152400,15.915588
2014-10-23,19.549999,20.08,19.4,19.790001,174700,16.21882
2014-10-24,19.91,20.02,19.25,19.85,201200,16.267993
2014-10-27,19.84,19.950001,19.290001,19.809998999999998,241400,16.235210000000002
2014-10-28,19.780001000000002,20.24,19.780001000000002,20.23,179800,16.579420000000002
2014-10-29,20.27,20.299999,19.65,20.07,181900,16.448292000000002
2014-10-30,19.98,20.25,19.91,20.190001000000002,141500,16.546639000000003
2014-10-31,20.5,20.6,20.17,20.57,172000,16.858066
2014-11-03,19.91,21.23,19.799999,20.870001000000002,270700,17.10393
2014-11-04,20.77,21.24,20.469998999999998,20.5,207800,16.800698
2014-11-05,20.65,20.799999,20.27,20.549999,139100,16.841673999999998
2014-11-06,20.67,20.950001,20.209999,20.6,166500,16.882652
2014-11-07,20.74,20.860001,20.48,20.799999,120400,17.046560999999997
2014-11-10,20.84,20.84,20.18,20.450001,125900,16.759721
2014-11-11,20.389999,20.450001,20.16,20.389999,93400,16.710547000000002
2014-11-12,20.370001000000002,20.559998999999998,20.200001,20.549999,122900,16.841673999999998
2014-11-13,20.540001,20.549999,20.049999,20.15,110700,16.513856
2014-11-14,20.17,20.219998999999998,19.73,20.07,127400,16.448292000000002
2014-11-17,19.969998999999998,20.129998999999998,19.84,20.059998999999998,103800,16.440097
2014-11-18,20.129998999999998,20.59,20.1,20.370001000000002,91100,16.694157
2014-11-19,20.290001,20.42,20.1,20.379998999999998,79400,16.702351
2014-11-20,20.25,20.780001000000002,20.200001,20.74,79100,16.997388
2014-11-21,20.950001,21.200001,20.65,20.799999,146300,17.046560999999997
2014-11-24,20.9,21.0,20.700001,20.799999,134400,17.046560999999997
2014-11-25,20.99,20.99,20.370001000000002,20.4,131700,16.718743
2014-11-26,20.51,20.51,20.23,20.43,82800,16.74333
2014-11-28,20.34,20.34,19.799999,19.85,59500,16.267993
2014-12-01,19.75,19.870001000000002,18.9,19.190001000000002,162400,15.727092
2014-12-02,19.07,19.379998999999998,19.049999,19.209999,141100,15.743482
2014-12-03,19.27,19.57,19.030001000000002,19.469998999999998,97800,15.956564000000002
2014-12-04,19.360001,19.6,19.139999,19.540001,84200,16.013934
2014-12-05,19.629998999999998,19.780001000000002,19.32,19.549999,76300,16.022128
2014-12-08,19.42,19.51,18.6,18.82,106900,15.423860000000001
2014-12-09,18.629998999999998,18.860001,18.6,18.780001000000002,133600,15.391079000000001
2014-12-10,18.58,18.790001,18.18,18.34,120400,15.030478
2014-12-11,18.370001000000002,18.74,18.219998999999998,18.379998999999998,104200,15.063259
2014-12-12,18.24,18.49,18.040001,18.219998999999998,86500,14.932132000000001
2014-12-15,18.4,18.530001000000002,17.75,17.860001,101200,14.637096
2014-12-16,17.709999,18.139999,17.530001000000002,17.879998999999998,130700,14.653486
2014-12-17,17.860001,18.549999,17.58,18.41,132600,15.087845999999999
2014-12-18,18.709999,18.790001,18.450001,18.709999,114900,15.333708999999999
2014-12-19,18.73,18.950001,18.42,18.85,126800,15.448447
2014-12-22,18.860001,18.860001,18.25,18.719998999999998,99800,15.341904999999999
2014-12-23,18.76,19.07,18.639999,18.93,142500,15.51401
2014-12-24,18.879998999999998,18.969998999999998,18.530001000000002,18.690001000000002,69100,15.317319
2014-12-26,18.809998999999998,18.92,18.389999,18.42,87200,15.096041
2014-12-29,18.32,18.5,18.0,18.1,112500,14.833787
2014-12-30,18.059998999999998,18.24,17.620001000000002,17.629998999999998,191500,14.448599
2014-12-31,17.76,17.91,17.1,17.610001,223200,14.432209
2015-01-02,17.75,17.940001000000002,17.190001000000002,17.610001,142100,14.432209
2015-01-05,17.459999,17.66,16.530001000000002,16.68,252400,13.670031
2015-01-06,16.6,16.91,15.85,16.200001,274600,13.276648999999999
2015-01-07,16.34,16.799999,16.0,16.0,301100,13.112739999999999
2015-01-08,16.15,16.690001000000002,16.01,16.24,384700,13.309429999999999
2015-01-09,16.379998999999998,16.709999,16.26,16.280001000000002,289000,13.342213000000001
2015-01-12,16.27,16.51,16.049999,16.379998999999998,183100,13.424166
2015-01-13,16.41,16.83,16.07,16.219998999999998,234000,13.293039000000002
2015-01-14,16.049999,16.809998999999998,16.049999,16.68,305200,13.670031
2015-01-15,16.77,16.98,16.379998999999998,16.83,207700,13.792963
2015-01-16,16.549999,16.76,16.24,16.389999,103700,13.659616
2015-01-20,16.48,16.74,16.200001,16.65,118000,13.876303
2015-01-21,16.67,17.049999,16.35,16.59,186300,13.826298999999999
2015-01-22,16.73,17.08,16.6,17.040001,107000,14.201335
2015-01-23,17.040001,17.049999,16.700001,16.799999,156000,14.001315
2015-01-26,16.82,17.110001,16.59,17.030001000000002,123300,14.193001
2015-01-27,16.92,17.33,16.73,17.309998999999998,124400,14.426355
2015-01-28,17.4,17.719998999999998,17.24,17.540001,347600,14.618041
2015-01-29,17.65,17.65,17.0,17.129998999999998,141200,14.276341
2015-01-30,17.0,17.09,16.709999,17.08,164500,14.234670999999999
2015-02-02,17.059998999999998,17.41,17.02,17.219998999999998,103600,14.351348000000002
2015-02-03,17.370001000000002,17.799999,17.23,17.700001,115500,14.751387
2015-02-04,17.559998999999998,17.709999,17.370001000000002,17.6,113200,14.668045000000001
2015-02-05,18.5,18.709999,17.940001000000002,18.6,311500,15.501457
2015-02-06,18.68,19.1,18.620001000000002,18.92,183300,15.768148000000002
2015-02-09,19.030001000000002,19.030001000000002,18.35,18.370001000000002,185900,15.309772
2015-02-10,18.440001000000002,18.780001000000002,18.07,18.780001000000002,128300,15.651470999999999
2015-02-11,18.75,19.1,18.469998999999998,18.98,123900,15.818152
2015-02-12,19.040001,19.440001000000002,19.0,19.299999,148500,16.084844
2015-02-13,19.440001000000002,19.65,19.299999,19.6,88400,16.334868
2015-02-17,19.49,19.549999,19.129998999999998,19.5,75400,16.251527
2015-02-18,19.43,19.58,19.209999,19.35,61100,16.126514999999998
2015-02-19,19.23,19.389999,19.15,19.16,55300,15.968167000000001
2015-02-20,19.42,19.42,18.969998999999998,19.059998999999998,68900,15.884825
2015-02-23,18.98,19.040001,18.860001,18.959999,55000,15.801484
2015-02-24,18.860001,19.1,18.75,19.059998999999998,59800,15.884825
2015-02-25,19.0,19.190001000000002,18.85,19.1,71200,15.918163
2015-02-26,19.129998999999998,19.559998999999998,18.75,19.4,104400,16.168185
2015-02-27,19.42,19.690001000000002,19.16,19.43,105700,16.193188
2015-03-02,19.5,19.719998999999998,19.280001000000002,19.639999,66800,16.368204000000002
2015-03-03,19.67,19.959999,19.450001,19.790001,84900,16.493217
2015-03-04,19.67,19.74,19.389999,19.620001000000002,74000,16.351537
2015-03-05,19.58,19.639999,18.959999,19.059998999999998,81900,15.884825
2015-03-06,18.76,18.969998999999998,18.610001,18.75,67700,15.626468
2015-03-09,18.700001,18.73,18.42,18.58,99500,15.484788
2015-03-10,18.26,18.32,18.120001000000002,18.25,60500,15.209762
2015-03-11,18.309998999999998,18.82,18.18,18.75,99900,15.626468
2015-03-12,18.809998999999998,19.17,18.469998999999998,18.75,68600,15.626468
2015-03-13,18.75,18.75,18.25,18.57,66900,15.476454
2015-03-16,18.629998999999998,18.629998999999998,18.18,18.299999,74700,15.251432000000001
2015-03-17,18.209999,18.67,18.139999,18.549999,62400,15.459785
2015-03-18,18.48,18.799999,18.23,18.74,62300,15.618134
2015-03-19,18.620001000000002,18.709999,18.219998999999998,18.530001000000002,108500,15.443118
2015-03-20,18.549999,18.780001000000002,18.549999,18.75,69400,15.626468
2015-03-23,18.719998999999998,19.17,18.719998999999998,18.959999,42400,15.801484
2015-03-24,18.940001000000002,18.950001,18.65,18.860001,94500,15.718144
2015-03-25,18.77,19.110001,18.59,18.969998999999998,90300,15.809818
2015-03-26,18.889999,19.01,18.27,18.290001,168300,15.2431
2015-03-27,18.18,18.35,17.809998999999998,17.98,154600,14.984741
2015-03-30,17.93,18.129998999999998,17.629998999999998,17.65,133600,14.709715
2015-03-31,17.68,17.77,17.360001,17.610001,167000,14.676379
2015-04-01,17.530001000000002,17.75,17.200001,17.27,185400,14.393019
2015-04-02,17.27,17.76,17.17,17.51,148500,14.593038
2015-04-06,17.52,17.74,17.35,17.57,135600,14.643042000000001
2015-04-07,17.530001000000002,17.719998999999998,17.059998999999998,17.24,179600,14.368016
2015-04-08,17.27,17.450001,17.1,17.370001000000002,139900,14.476360999999999
2015-04-09,17.280001000000002,17.639999,17.209999,17.639999,173000,14.701381
2015-04-10,17.73,18.299999,17.73,18.219998999999998,116400,15.184759
2015-04-13,18.18,18.5,18.18,18.42,105000,15.351442
2015-04-14,18.5,18.780001000000002,18.469998999999998,18.77,157200,15.643137
2015-04-15,18.73,19.5,18.73,19.379998999999998,196200,16.151517000000002
2015-04-16,19.370001000000002,20.09,19.26,19.690001000000002,260500,16.409876
2015-04-17,19.4,19.540001,19.040001,19.5,157000,16.494463
2015-04-20,19.43,19.43,18.799999,19.0,289600,16.071528
2015-04-21,19.09,19.1,18.879998999999998,18.950001,119100,16.029235
2015-04-22,19.02,19.09,18.860001,18.889999,81800,15.978482000000001
2015-04-23,18.950001,19.370001000000002,18.870001000000002,19.33,148600,16.350665
2015-04-24,19.440001000000002,19.549999,19.34,19.469998999999998,121500,16.469085999999997
2015-04-27,19.469998999999998,19.709999,19.26,19.309998999999998,105500,16.333747
2015-04-28,19.290001,19.5,19.280001000000002,19.450001,97800,16.452170000000002
2015-04-29,19.879998999999998,20.379998999999998,19.48,20.27,322600,17.145782999999998
2015-04-30,20.120001000000002,20.389999,20.1,20.23,148900,17.111948
2015-05-01,20.25,20.299999,19.889999,20.110001,80900,17.010444
2015-05-04,20.059998999999998,20.290001,20.02,20.190001000000002,115800,17.078114000000003
2015-05-05,20.209999,20.27,20.040001,20.18,90300,17.069654999999997
2015-05-06,20.18,20.5,20.110001,20.35,121700,17.213453
2015-05-07,20.290001,20.290001,19.77,19.92,130300,16.849728
2015-05-08,20.17,20.34,20.049999,20.290001,66800,17.162701000000002
2015-05-11,20.200001,20.309998999999998,19.809998999999998,19.889999,71900,16.824351999999998
2015-05-12,19.83,20.200001,19.809998999999998,20.129998999999998,82800,17.02736
2015-05-13,20.190001000000002,20.370001000000002,19.790001,19.99,70000,16.908939
2015-05-14,20.049999,20.17,20.0,20.09,74900,16.993526
2015-05-15,20.049999,20.120001000000002,19.889999,20.030001000000002,73900,16.942775
2015-05-18,19.85,20.120001000000002,19.719998999999998,20.110001,71200,17.010444
2015-05-19,20.07,20.190001000000002,19.51,19.75,97200,16.705931
2015-05-20,19.82,19.82,19.59,19.799999,58700,16.748223
2015-05-21,19.790001,20.1,19.76,19.93,61700,16.858187
2015-05-22,19.82,19.99,19.73,19.98,55000,16.900479999999998
2015-05-26,19.879998999999998,19.879998999999998,19.01,19.42,113500,16.426793
2015-05-27,19.41,19.610001,19.26,19.469998999999998,66700,16.469085999999997
2015-05-28,19.41,19.49,19.059998999999998,19.42,87300,16.426793
2015-05-29,19.360001,19.639999,19.02,19.6,94400,16.57905
2015-06-01,19.66,19.75,19.41,19.57,90600,16.553673999999997
2015-06-02,19.6,19.950001,19.34,19.75,75000,16.705931
2015-06-03,19.709999,20.07,19.709999,19.92,91600,16.849728
2015-06-04,19.799999,19.870001000000002,19.5,19.76,88200,16.714389
2015-06-05,19.65,20.16,19.559998999999998,20.059998999999998,100600,16.96815
2015-06-08,20.139999,20.309998999999998,19.780001000000002,19.969998999999998,97700,16.892021
2015-06-09,19.92,19.969998999999998,19.35,19.58,123500,16.562133
2015-06-10,19.75,20.43,19.690001000000002,19.969998999999998,116600,16.892021
2015-06-11,20.0,20.02,19.719998999999998,19.860001,53600,16.798977
2015-06-12,19.84,19.91,19.629998999999998,19.75,60700,16.705931
2015-06-15,19.620001000000002,19.75,19.48,19.65,45800,16.621343
2015-06-16,19.610001,19.629998999999998,19.389999,19.549999,51300,16.536756
2015-06-17,19.59,19.59,19.32,19.549999,69400,16.536756
2015-06-18,19.6,19.83,19.42,19.66,48500,16.629801999999998
2015-06-19,19.6,19.700001,19.459999,19.49,82600,16.486004
2015-06-22,19.620001000000002,19.73,19.16,19.450001,155100,16.452170000000002
2015-06-23,19.41,20.309998999999998,19.41,20.280001000000002,118100,17.154242
2015-06-24,20.23,20.280001000000002,19.73,19.889999,48400,16.824351999999998
2015-06-25,19.83,19.83,19.299999,19.35,119300,16.367583
2015-06-26,19.35,19.459999,18.85,18.959999,139100,16.037693
2015-06-29,18.77,19.07,18.16,18.23,174700,15.420207999999999
2015-06-30,18.389999,18.73,18.049999,18.370001000000002,161800,15.538631
2015-07-01,18.42,18.74,17.620001000000002,18.1,167500,15.310245000000002
2015-07-02,18.18,18.57,18.18,18.42,115800,15.580924
2015-07-06,18.27,18.83,18.01,18.1,179200,15.310245000000002
2015-07-07,18.01,18.09,17.1,17.76,170900,15.02265
2015-07-08,17.549999,17.65,16.799999,17.049999,147500,14.422081
2015-07-09,17.129998999999998,17.440001000000002,16.9,17.01,157100,14.388247
2015-07-10,17.26,18.110001,17.219998999999998,17.870001000000002,223300,15.115696
2015-07-13,17.959999,18.32,17.75,18.139999,129100,15.344079
2015-07-14,18.27,18.440001000000002,18.1,18.280001000000002,131900,15.462501999999999
2015-07-15,18.26,18.559998999999998,18.18,18.370001000000002,198000,15.538631
2015-07-16,18.49,18.74,18.18,18.459999,113500,15.614757999999998
2015-07-17,18.5,18.639999,18.049999,18.5,136500,15.648593
2015-07-20,18.33,18.48,17.83,18.120001000000002,150500,15.571253
2015-07-21,18.129998999999998,18.200001,17.709999,17.780001000000002,140500,15.279077
2015-07-22,18.93,18.93,17.08,17.68,165100,15.193142000000002
2015-07-23,17.77,17.93,17.58,17.629998999999998,90100,15.150174
2015-07-24,17.65,17.700001,17.120001000000002,17.559998999999998,126200,15.090020999999998
2015-07-27,17.51,17.57,17.07,17.209999,56200,14.789251
2015-07-28,17.35,17.799999,17.18,17.48,125400,15.021273
2015-07-29,17.530001000000002,17.66,16.98,17.129998999999998,165100,14.720504
2015-07-30,17.040001,17.200001,16.57,16.719998999999998,165800,14.368174
2015-07-31,16.780001000000002,17.24,16.780001000000002,17.030001000000002,94800,14.634571
2015-08-03,17.030001000000002,17.34,16.51,16.780001000000002,82300,14.419735999999999
2015-08-04,16.879998999999998,17.08,16.190001000000002,16.33,108000,14.033032
2015-08-05,16.620001000000002,16.879998999999998,16.120001000000002,16.190001000000002,126700,13.912725
2015-08-06,16.129998999999998,16.299999,15.64,15.79,188100,13.568988000000001
2015-08-07,15.93,16.68,15.93,16.280001000000002,140700,13.990066
2015-08-10,16.549999,17.059998999999998,16.5,16.780001000000002,99200,14.419735999999999
2015-08-11,16.82,16.870001000000002,15.99,16.110001,127500,13.843978
2015-08-12,16.0,16.15,15.5,16.0,94500,13.74945
2015-08-13,16.1,16.1,15.8,15.83,78500,13.603361999999999
2015-08-14,15.96,16.5,15.95,16.48,113100,14.161933
2015-08-17,16.4,16.4,16.0,16.190001000000002,111700,13.912725
2015-08-18,15.98,15.98,15.52,15.56,73700,13.37134
2015-08-19,15.5,15.75,15.21,15.48,268000,13.302592
2015-08-20,15.27,15.53,15.13,15.21,132300,13.070571000000001
2015-08-21,15.03,15.38,14.95,15.09,192700,12.96745
2015-08-24,14.8,14.88,13.48,14.01,289100,12.039361999999999
2015-08-25,14.4,14.9,14.02,14.32,207400,12.305757
2015-08-26,14.5,14.7,14.25,14.52,196300,12.477625999999999
2015-08-27,14.75,14.93,14.37,14.89,180500,12.795582000000001
2015-08-28,14.87,15.07,14.72,14.8,91200,12.718241
2015-08-31,14.84,15.26,14.75,15.0,224000,12.890108999999999
2015-09-01,14.71,14.88,14.44,14.5,86600,12.460439
2015-09-02,14.66,14.79,14.19,14.25,218300,12.245604
2015-09-03,14.33,14.51,14.11,14.2,102100,12.202636
2015-09-04,14.05,14.2,13.53,13.88,196900,11.927648
2015-09-08,14.1,14.69,14.08,14.63,127500,12.572153
2015-09-09,14.73,15.25,14.57,14.8,139400,12.718241
2015-09-10,14.81,14.81,14.38,14.79,72800,12.709648
2015-09-11,14.68,14.84,14.5,14.63,90100,12.572153
2015-09-14,14.6,14.6,14.2,14.33,110300,12.314351
2015-09-15,14.29,14.53,14.15,14.49,59900,12.451845
2015-09-16,14.47,14.95,14.45,14.76,48300,12.683867999999999
2015-09-17,14.65,14.79,14.39,14.68,54500,12.61512
2015-09-18,14.5,14.75,14.32,14.75,66400,12.675274
2015-09-21,14.79,14.82,14.25,14.43,71300,12.400285
2015-09-22,14.17,14.33,13.92,14.01,125900,12.039361999999999
2015-09-23,13.99,14.22,13.58,13.78,105400,11.841713
2015-09-24,13.62,13.87,13.4,13.86,118200,11.910461
2015-09-25,14.01,14.22,13.67,13.73,89200,11.798746000000001
2015-09-28,13.62,13.65,12.07,12.1,369300,10.398022000000001
2015-09-29,12.11,12.27,11.59,11.68,298700,10.037099000000001
2015-09-30,11.81,12.76,11.74,12.27,238600,10.54411
2015-10-01,12.26,12.42,12.0,12.05,232900,10.355053999999999
2015-10-02,12.0,12.91,11.98,12.83,296800,11.02534
2015-10-05,13.05,13.46,12.83,13.21,319600,11.351889
2015-10-06,13.35,13.52,13.06,13.18,181000,11.326108999999999
2015-10-07,13.31,13.74,13.26,13.61,188500,11.695625
2015-10-08,13.64,13.84,13.34,13.78,159400,11.841713
2015-10-09,13.9,14.06,13.8,13.9,186600,11.944834
2015-10-12,13.9,14.25,13.76,13.97,173400,12.004989
2015-10-13,13.89,14.27,13.8,14.22,257800,12.219824000000001
2015-10-14,14.29,14.7,14.21,14.51,132400,12.469032
2015-10-15,14.61,14.97,14.5,14.88,185300,12.786988000000001
2015-10-16,14.87,15.03,14.57,14.93,205400,12.829956
2015-10-19,14.62,14.62,14.27,14.47,146900,12.680974
2015-10-20,14.64,14.85,14.39,14.49,110000,12.698501
2015-10-21,14.54,14.73,14.3,14.43,134900,12.64592
2015-10-22,14.85,15.1,14.19,14.35,283300,12.575811
2015-10-23,14.52,14.98,14.21,14.72,204900,12.900065
2015-10-26,14.75,14.75,14.21,14.37,167300,12.593338000000001
2015-10-27,14.22,14.26,13.94,14.01,118800,12.277847
2015-10-28,14.04,14.39,13.9,14.23,121000,12.470646
2015-10-29,14.16,14.39,14.1,14.15,117200,12.400538000000001
2015-10-30,14.22,14.24,14.01,14.07,125200,12.330428999999999
2015-11-02,14.18,14.79,14.12,14.35,204000,12.575811
2015-11-03,14.35,14.57,14.06,14.28,107600,12.514465
2015-11-04,14.25,14.31,13.82,13.97,167800,12.242792999999999
2015-11-05,14.05,14.27,13.72,13.96,187400,12.234029
2015-11-06,13.91,14.04,13.71,13.87,106400,12.155156
2015-11-09,13.78,13.87,13.26,13.59,188100,11.909775
2015-11-10,13.51,13.71,13.22,13.38,151800,11.725738
2015-11-11,13.47,13.56,13.22,13.28,122600,11.638102
2015-11-12,13.21,13.25,12.64,12.67,270200,11.103521
2015-11-13,12.64,13.16,12.54,12.89,147100,11.296321
2015-11-16,12.85,13.02,12.61,13.02,119100,11.410248
2015-11-17,13.01,13.1,12.51,12.68,144700,11.112283999999999
2015-11-18,12.61,12.67,12.27,12.47,145600,10.928248
2015-11-19,12.4,12.56,12.25,12.49,112600,10.945775
2015-11-20,12.51,12.52,12.19,12.22,98000,10.709157000000001
2015-11-23,12.13,12.45,11.93,12.05,181000,10.560176
2015-11-24,11.92,12.24,11.8,12.18,141400,10.674103
2015-11-25,12.12,12.17,11.83,12.08,175000,10.586466
2015-11-27,12.15,12.32,12.03,12.3,55800,10.779266
2015-11-30,12.28,12.45,12.12,12.22,199700,10.709157000000001
2015-12-01,12.22,12.27,11.8,11.91,226800,10.437484
2015-12-02,11.86,11.87,11.44,11.61,185900,10.174575
2015-12-03,11.69,11.92,11.35,11.48,161900,10.060648
2015-12-04,11.48,11.48,10.89,10.9,247500,9.552357
2015-12-07,10.66,10.84,10.44,10.47,289000,9.175522
2015-12-08,10.33,11.08,10.19,10.64,282200,9.324504
2015-12-09,10.81,11.1,10.65,10.77,206200,9.438431
2015-12-10,10.79,10.88,10.57,10.59,226900,9.280685
2015-12-11,10.43,10.49,10.11,10.25,202800,8.982722
2015-12-14,10.25,10.29,9.5,9.72,346100,8.51825
2015-12-15,9.77,9.99,9.27,9.46,869500,8.290395
2015-12-16,9.55,9.94,9.48,9.81,373200,8.597122
2015-12-17,9.76,9.88,9.2,9.31,226200,8.158941
2015-12-18,9.12,9.29,8.76,8.85,428100,7.755814
2015-12-21,8.9,9.15,8.76,8.82,480200,7.729522
2015-12-22,8.84,9.13,8.84,9.05,465500,7.931086
2015-12-23,9.1,9.82,9.1,9.48,461600,8.307922
2015-12-24,9.48,9.66,9.33,9.58,136000,8.395558
2015-12-28,9.61,10.08,9.6,9.7,486300,8.500722
2015-12-29,9.86,9.9,9.24,9.38,286700,8.220286
2015-12-30,9.4,9.7,9.31,9.64,320700,8.448141
2015-12-31,9.65,10.49,9.62,10.42,458100,9.131704
2016-01-04,10.24,10.3,9.51,9.62,423100,8.430613000000001
2016-01-05,9.74,9.74,9.25,9.45,305000,8.281630999999999
2016-01-06,9.39,9.39,8.93,9.1,352800,7.974905000000001
2016-01-07,8.88,9.1,8.37,8.5,435900,7.449086
2016-01-08,8.53,8.65,8.06,8.19,371200,7.1774130000000005
2016-01-11,8.25,8.38,8.1,8.2,249600,7.186177000000001
2016-01-12,8.23,8.35,7.61,7.81,345100,6.844396000000001
2016-01-13,7.95,8.02,7.45,7.55,385000,6.616542
2016-01-14,7.59,7.79,7.26,7.67,399200,6.721705
2016-01-15,7.45,7.45,6.6,6.93,342800,6.073196
2016-01-19,6.84,7.04,6.63,6.73,459500,6.155514
2016-01-20,6.7,6.7,6.01,6.23,445400,5.698195
2016-01-21,6.38,6.72,6.27,6.4,403200,5.853683
2016-01-22,6.49,6.7,6.46,6.6,321900,6.036611
2016-01-25,6.61,6.86,6.5,6.53,434300,5.972586
2016-01-26,6.67,6.89,6.51,6.72,378000,6.146367
2016-01-27,6.79,6.98,6.62,6.78,329600,6.201246
2016-01-28,7.04,8.67,6.77,8.13,1042900,7.436007000000001
2016-01-29,8.04,8.25,7.16,7.27,753200,6.649417999999999
2016-02-01,7.38,7.49,7.05,7.36,310900,6.731736
2016-02-02,7.18,7.27,6.92,7.21,335600,6.594539999999999
2016-02-03,7.37,7.37,6.95,7.29,236400,6.667711
2016-02-04,7.29,7.7,7.26,7.4,188300,6.768321
2016-02-05,7.42,7.49,7.18,7.22,202800,6.603686
2016-02-08,7.08,7.14,6.67,6.82,264000,6.237831
2016-02-09,6.65,6.66,6.34,6.42,313000,5.871976
2016-02-10,6.4,6.61,6.2,6.48,250800,5.9268540000000005
2016-02-11,6.27,6.34,6.03,6.24,214300,5.707341
2016-02-12,6.42,6.7,6.34,6.7,195200,6.128074
2016-02-16,6.85,7.01,6.66,6.83,222400,6.246976999999999
2016-02-17,7.03,7.25,6.83,7.1,180900,6.493930000000001
2016-02-18,7.06,7.08,6.85,6.98,231300,6.3841730000000005
2016-02-19,6.95,7.01,6.66,6.91,244600,6.3201480000000005
2016-02-22,6.92,7.19,6.92,7.02,152500,6.420758999999999
2016-02-23,7.02,7.05,6.77,6.81,179400,6.228685
2016-02-24,6.74,6.96,6.52,6.94,155000,6.347588
2016-02-25,6.93,7.15,6.68,7.03,215700,6.429905000000001
2016-02-26,7.03,7.31,7.03,7.18,176500,6.567100999999999
2016-02-29,7.34,7.86,7.28,7.43,420600,6.7957600000000005
2016-03-01,7.49,7.72,7.36,7.62,189800,6.969541
2016-03-02,7.8,8.4,7.62,8.32,415800,7.609788000000001
2016-03-03,8.36,8.98,8.15,8.93,516000,8.167717
2016-03-04,9.05,9.42,8.75,9.01,363900,8.240888
2016-03-07,9.01,9.42,8.83,9.17,265400,8.38723
2016-03-08,8.99,9.01,8.09,8.22,360700,7.518324000000001
2016-03-09,8.17,8.52,8.07,8.43,125200,7.710398
2016-03-10,8.73,8.73,8.01,8.29,174900,7.582349000000001
2016-03-11,8.31,8.73,8.31,8.72,186800,7.975642999999999
2016-03-14,8.62,9.01,8.53,8.89,217300,8.131132000000001
2016-03-15,8.72,8.74,8.37,8.57,147300,7.838447
2016-03-16,8.52,9.01,8.5,8.97,122300,8.204303
2016-03-17,8.92,9.5,8.92,9.38,224000,8.579303999999999
2016-03-18,9.45,9.55,9.08,9.4,330600,8.597597
2016-03-21,9.37,9.37,9.05,9.11,117100,8.332352
2016-03-22,9.13,9.19,8.78,9.15,123200,8.368936999999999
2016-03-23,9.26,9.3,8.55,8.73,185900,7.984789
2016-03-24,8.58,9.0,8.35,8.94,134800,8.176863
2016-03-28,9.0,9.04,8.55,8.69,136600,7.948204
2016-03-29,8.57,8.92,8.5,8.87,115500,8.112839
2016-03-30,8.88,9.0,8.66,8.91,186400,8.149424
2016-03-31,8.82,9.1,8.82,8.9,151900,8.140278
2016-04-01,8.75,8.91,8.5,8.91,167500,8.149424
2016-04-04,9.03,9.03,8.72,8.85,147400,8.094546000000001
2016-04-05,8.8,9.04,8.63,8.9,83800,8.140278
2016-04-06,8.84,9.22,8.74,9.2,163400,8.414669
2016-04-07,9.03,9.22,9.01,9.11,135800,8.332352
2016-04-08,9.25,9.48,9.14,9.37,171900,8.570158000000001
2016-04-11,9.54,10.17,9.54,10.0,272800,9.14638
2016-04-12,10.03,10.46,10.01,10.33,274900,9.448210000000001
2016-04-13,10.41,10.72,10.35,10.7,251300,9.786626
2016-04-14,10.72,11.0,9.95,10.11,880300,9.24699
2016-04-15,9.7,10.14,9.61,9.86,345300,9.284655
2016-04-18,9.81,10.45,9.7,10.29,391600,9.689565
2016-04-19,10.42,10.42,9.17,9.64,525300,9.077492999999999
2016-04-20,9.61,10.18,9.56,10.03,272300,9.444736
2016-04-21,10.25,10.44,9.85,9.93,429100,9.350572
2016-04-22,9.87,10.12,9.87,10.12,186800,9.529484
2016-04-25,10.1,10.11,9.63,9.8,218200,9.228157000000001
2016-04-26,9.84,10.11,9.7,9.96,142800,9.378821
2016-04-27,9.98,10.06,9.67,9.82,162500,9.24699
2016-04-28,9.71,10.09,9.56,9.91,324600,9.331738
2016-04-29,9.94,9.94,9.61,9.7,164100,9.133992
2016-05-02,9.7,9.76,9.35,9.45,182600,8.89858
2016-05-03,9.25,9.51,8.91,9.37,224800,8.823248
2016-05-04,9.29,9.34,8.91,9.04,179500,8.512504
2016-05-05,9.14,9.28,8.8,8.89,157000,8.371257
2016-05-06,8.76,9.12,8.76,8.88,120300,8.361839999999999
2016-05-09,8.76,8.95,8.65,8.8,181100,8.286508
2016-05-10,8.85,9.17,8.82,9.01,162100,8.484255000000001
2016-05-11,8.97,9.3,8.91,9.06,187200,8.531336999999999
2016-05-12,9.1,9.15,8.7,8.77,143800,8.258258999999999
2016-05-13,8.91,8.95,8.67,8.7,109600,8.192343
2016-05-16,8.71,9.0,8.71,8.79,98400,8.277092
2016-05-17,8.74,9.18,8.74,8.95,158700,8.427755
2016-05-18,8.89,9.27,8.86,9.07,149600,8.540753
2016-05-19,9.05,9.17,8.83,9.04,166300,8.512504
2016-05-20,9.05,9.21,8.99,9.0,89200,8.474838
2016-05-23,9.0,9.19,8.92,9.13,152200,8.597252000000001
2016-05-24,9.2,9.23,9.01,9.18,190100,8.644335
2016-05-25,9.25,9.49,9.16,9.46,157300,8.907996
2016-05-26,9.49,9.55,9.2,9.33,156400,8.785582000000002
2016-05-27,9.3,9.57,9.27,9.52,107800,8.964496
2016-05-31,9.46,10.03,9.46,9.84,326800,9.265823
2016-06-01,9.72,9.89,9.41,9.81,169900,9.237574
2016-06-02,9.75,9.75,9.6,9.71,99500,9.143409
2016-06-03,9.66,9.99,9.62,9.87,167300,9.294072
2016-06-06,9.94,10.12,9.91,10.0,161700,9.416487
2016-06-07,10.03,10.13,9.95,10.04,139400,9.454153
2016-06-08,10.1,10.25,9.96,10.1,117300,9.510652
2016-06-09,10.02,10.33,9.85,10.29,197600,9.689565
2016-06-10,10.09,10.3,9.85,9.88,237500,9.303489
2016-06-13,9.82,9.85,9.28,9.46,337400,8.907996
2016-06-14,9.41,9.56,9.09,9.21,199900,8.672584
2016-06-15,9.14,9.62,9.05,9.37,217000,8.823248
2016-06-16,9.28,9.52,9.06,9.48,415000,8.926829
2016-06-17,9.54,9.81,9.3,9.44,323400,8.889163
2016-06-20,9.61,9.79,9.38,9.58,165000,9.020994
2016-06-21,9.53,9.67,9.26,9.57,323300,9.011577
2016-06-22,9.56,9.66,9.41,9.54,275400,8.983328
2016-06-23,9.67,10.06,9.59,10.0,418900,9.416487
2016-06-24,9.36,9.73,9.22,9.54,2504000,8.983328
2016-06-27,9.4,9.42,8.48,8.51,543100,8.01343
2016-06-28,8.83,9.14,8.65,9.08,549100,8.55017
2016-06-29,9.11,9.15,8.87,9.03,401300,8.503086999999999
2016-06-30,8.3,8.45,7.34,7.67,2364600,7.222445
2016-07-01,7.5,7.83,7.5,7.66,577800,7.213029
2016-07-05,7.58,7.64,6.88,6.95,748500,6.5444580000000006
2016-07-06,7.0,7.41,6.79,7.16,699600,6.742203999999999
2016-07-07,7.16,7.4,7.1,7.24,521000,6.8175360000000005
2016-07-08,7.35,7.89,7.31,7.69,695000,7.241278
2016-07-11,7.85,8.25,7.85,8.04,579800,7.570855
2016-07-12,8.25,8.72,8.15,8.64,644300,8.135845
2016-07-13,8.65,8.98,8.6,8.9,380600,8.380673
2016-07-14,8.98,9.05,8.68,8.69,403700,8.182926
2016-07-15,8.85,8.95,8.71,8.91,348300,8.390089
2016-07-18,8.9,9.21,8.78,9.1,466200,8.569003
2016-07-19,9.1,9.35,9.07,9.16,370800,8.625502000000001
2016-07-20,9.35,9.35,8.96,9.24,335200,8.700833
2016-07-21,9.28,9.6,9.28,9.48,338700,8.926829
2016-07-22,9.5,9.59,9.31,9.42,251300,8.870330000000001
2016-07-25,9.43,9.6,9.31,9.51,498800,8.955079
2016-07-26,9.56,9.75,9.5,9.64,313400,9.077492999999999
2016-07-27,9.65,9.91,9.63,9.88,504300,9.303489
2016-07-28,10.0,10.45,9.71,10.45,680400,9.840228
2016-07-29,10.45,10.45,9.78,9.79,1042400,9.218739999999999
2016-08-01,9.65,9.84,9.31,9.69,803200,9.403115
2016-08-02,9.7,9.7,8.73,8.76,608600,8.500649000000001
2016-08-03,8.75,9.02,8.71,8.92,274700,8.655911999999999
2016-08-04,8.78,9.03,8.49,8.82,436600,8.558872000000001
2016-08-05,8.77,9.22,8.71,9.16,243600,8.888806
2016-08-08,9.1,9.39,9.1,9.31,179700,9.034366
2016-08-09,9.27,9.31,9.08,9.13,171600,8.859695
2016-08-10,9.16,9.16,8.96,8.98,162500,8.714135
2016-08-11,8.96,9.13,8.94,9.07,131000,8.801471000000001
2016-08-12,9.0,9.21,8.96,9.13,126600,8.859695
2016-08-15,9.15,9.4,9.14,9.25,216200,8.976142
2016-08-16,9.26,9.48,9.25,9.39,209200,9.111997
2016-08-17,9.45,9.45,9.05,9.15,215900,8.879102
2016-08-18,9.1,9.27,9.1,9.16,145200,8.888806
2016-08-19,9.16,9.24,9.0,9.16,193000,8.888806
2016-08-22,9.11,9.14,8.93,9.03,266600,8.762655
2016-08-23,9.09,9.13,8.97,9.02,226600,8.752952
2016-08-24,9.0,9.13,8.93,8.95,247400,8.685024
2016-08-25,8.91,8.93,8.76,8.85,198900,8.587985
2016-08-26,8.83,8.99,8.62,8.66,176900,8.403609
2016-08-29,8.67,8.89,8.64,8.78,143100,8.520057000000001
2016-08-30,8.76,9.0,8.76,8.92,149100,8.655911999999999
2016-08-31,8.94,9.0,8.74,8.8,186500,8.539465
2016-09-01,8.85,8.87,8.51,8.75,292300,8.490945
2016-09-02,8.81,8.93,8.68,8.75,239100,8.490945
2016-09-06,8.65,8.85,8.61,8.79,256800,8.529761
2016-09-07,8.75,9.21,8.75,9.18,227200,8.908215
2016-09-08,9.16,9.47,9.11,9.44,277300,9.160516000000001
2016-09-09,9.35,9.41,9.1,9.14,235900,8.869399000000001
2016-09-12,8.97,9.21,8.89,9.18,204400,8.908215
2016-09-13,9.04,9.09,8.81,8.91,186000,8.646208
2016-09-14,8.95,8.98,8.73,8.87,162400,8.607391999999999
2016-09-15,8.9,8.95,8.79,8.81,126700,8.549169000000001
2016-09-16,8.75,8.9,8.71,8.82,230400,8.558872000000001
2016-09-19,8.96,9.17,8.86,9.16,211600,8.888806
2016-09-20,9.16,9.25,8.96,8.98,162800,8.714135
2016-09-21,9.06,9.25,9.03,9.22,118600,8.94703
2016-09-22,9.3,9.48,9.3,9.36,261200,9.082885000000001
2016-09-23,9.35,9.54,9.2,9.28,233200,9.005253
2016-09-26,9.3,9.38,9.07,9.09,180600,8.820879
2016-09-27,9.01,9.21,8.96,9.13,199900,8.859695
2016-09-28,9.23,9.38,8.89,9.17,245500,8.89851
2016-09-29,9.07,9.23,8.82,8.9,337900,8.636503999999999
2016-09-30,8.92,9.21,8.89,9.14,250300,8.869399000000001
2016-10-03,9.09,9.15,8.86,9.05,236600,8.782063
2016-10-04,8.44,8.44,7.22,7.32,2120100,7.103282000000001
2016-10-05,7.62,7.66,7.35,7.41,968400,7.190617
2016-10-06,7.49,7.79,7.25,7.68,575900,7.452624
2016-10-07,7.67,7.75,7.39,7.42,338700,7.200321000000001
2016-10-10,7.46,7.8,7.46,7.7,261400,7.472030999999999
2016-10-11,7.67,7.71,7.5,7.54,312400,7.316769
2016-10-12,7.5,7.61,7.42,7.59,307200,7.3652880000000005
2016-10-13,7.53,7.56,7.36,7.46,318300,7.2391369999999995
2016-10-14,7.45,7.5,7.21,7.25,325700,7.035353999999999
2016-10-17,7.34,7.41,7.26,7.39,248200,7.171208999999999
2016-10-18,7.45,7.61,7.33,7.4,260500,7.180914
2016-10-19,7.23,7.5,7.23,7.34,232500,7.220261
2016-10-20,7.23,7.43,7.19,7.35,234600,7.230098
2016-10-21,7.28,7.43,7.23,7.26,153100,7.141566
2016-10-24,7.3,7.5,7.28,7.5,471500,7.377650999999999
2016-10-25,7.64,7.98,7.23,7.25,842900,7.131728999999999
2016-10-26,7.25,7.36,7.09,7.1,354900,6.984176
2016-10-27,7.05,7.11,6.69,6.85,623700,6.7382550000000005
2016-10-28,6.8,6.87,6.61,6.83,400700,6.7185809999999995
2016-10-31,6.73,6.84,6.47,6.5,394300,6.3939639999999995
2016-11-01,6.51,6.73,6.31,6.43,397500,6.325106
2016-11-02,6.43,6.43,6.12,6.28,359300,6.177553
2016-11-03,6.23,6.39,6.2,6.29,257700,6.18739
2016-11-04,6.29,6.45,6.22,6.26,224600,6.1578800000000005
2016-11-07,6.32,6.43,6.26,6.32,252100,6.216901
2016-11-08,6.23,6.56,6.06,6.3,382900,6.197227
2016-11-09,6.11,6.38,6.07,6.29,563800,6.18739
2016-11-10,6.38,6.74,6.37,6.51,544200,6.4038010000000005
2016-11-11,6.54,6.82,6.42,6.8,342500,6.68907
2016-11-14,6.83,7.19,6.83,7.14,351600,7.023524
2016-11-15,7.15,7.45,7.02,7.35,556500,7.230098
2016-11-16,7.56,7.87,7.41,7.58,665800,7.456346000000001
2016-11-17,7.83,7.85,7.01,7.03,560900,6.915317999999999
2016-11-18,7.02,7.28,7.02,7.23,268200,7.112056
2016-11-21,7.31,7.49,7.26,7.45,396100,7.328467
2016-11-22,7.47,7.54,7.1,7.38,458600,7.259608999999999
2016-11-23,7.41,7.43,7.25,7.3,181800,7.180914
2016-11-25,7.28,7.28,7.19,7.23,95600,7.112056
2016-11-28,7.2,7.35,7.06,7.12,254700,7.00385
2016-11-29,7.08,7.1,6.64,6.65,527700,6.541517
2016-11-30,5.65,5.9,5.6,5.76,8994100,5.666036
2016-12-01,5.81,5.81,5.6,5.69,1476600,5.5971779999999995
2016-12-02,5.65,5.76,5.5,5.6,1239600,5.508646
2016-12-05,5.6,5.84,5.6,5.66,1131900,5.567667
2016-12-06,5.68,5.88,5.55,5.79,1003000,5.695547
2016-12-07,5.82,5.88,5.71,5.77,816500,5.675873
2016-12-08,5.79,5.89,5.77,5.86,875400,5.764405
2016-12-09,5.8,5.95,5.76,5.83,1114400,5.734894000000001
2016-12-12,5.81,5.85,5.63,5.63,796500,5.538157
2016-12-13,5.66,5.72,5.46,5.62,1087300,5.52832
2016-12-14,5.57,5.81,5.55,5.57,714700,5.4791360000000005
2016-12-15,5.54,5.81,5.5,5.78,880200,5.68571
2016-12-16,5.81,5.87,5.7,5.72,928000,5.626688
2016-12-19,5.7,5.76,5.66,5.7,542400,5.6070150000000005
2016-12-20,5.64,5.87,5.63,5.7,871800,5.6070150000000005
2016-12-21,5.7,5.8,5.68,5.75,754000,5.656199
2016-12-22,5.77,5.85,5.74,5.8,748300,5.705384
2016-12-23,5.76,5.82,5.64,5.67,497200,5.577504
2016-12-27,5.67,5.84,5.67,5.7,580000,5.6070150000000005
2016-12-28,5.73,5.88,5.73,5.82,547800,5.725057
2016-12-29,5.8,5.88,5.57,5.61,838300,5.518483
2016-12-30,5.61,5.65,5.51,5.6,720800,5.508646
